﻿{
  "functional_parameters":
                          {
						    "min_work_time":4.0,
							"courier_alert_interval":1.0,
							"taxi_alert_interval":1.0,
							"max_orders_for_search_solution":10,
							"max_orders_at_traveling_salesman_problem":8
						  },
  "couriers":[
			  {"courier_type":3,
			   "max_weight":3000.0,
			   "hourly_rate":250.0,
			   "max_distance":100.0,
			   "max_orders":100,
			   "insurance":0.0,
			   "get_order_time":3.0,
			   "handin_time":7.0,
			   "start_delay":0.0,
			   "first_pay":0.0,
			   "second_pay":0.0,
			   "first_distance":0.0,
			   "additional_kilometer_cost":0.0,
			   "is_taxi":false},
			   {"courier_type":2,
			    "max_weight":15.0,
				"hourly_rate":200.0,
				"max_distance":15.0,
				"max_orders":15,
				"insurance":0.0,
				"get_order_time":3.0,
				"handin_time":7.0,
				"start_delay":0.0,
				"first_pay":0.0,
				"second_pay":0.0,
				"first_distance":0.0,
				"additional_kilometer_cost":0.0,
				"is_taxi":false},
				{"courier_type":1,
				 "max_weight":15.0,
				 "hourly_rate":200.0,
				 "max_distance":5.0,
				 "max_orders":15,
				 "insurance":0.0,
				 "get_order_time":3.0,
				 "handin_time":7.0,
				 "start_delay":0.0,
				 "first_pay":0.0,
				 "second_pay":0.0,
				 "first_distance":0.0,
				 "additional_kilometer_cost":0.0,
				 "is_taxi":false},
				 {"courier_type":4,
				  "max_weight":3000.0,
				  "hourly_rate":0.0,
				  "max_distance":100.0,
				  "max_orders":40,
				  "insurance":0.0,
				  "get_order_time":3.0,
				  "handin_time":7.0,
				  "start_delay":18.0,
				  "first_pay":149.0,
				  "second_pay":80.0,
				  "first_distance":2.0,
				  "additional_kilometer_cost":15.0,
				  "is_taxi":true},
				  {"courier_type":5,
				   "max_weight":3000.0,
				   "hourly_rate":0.0,
				   "max_distance":100.0,
				   "max_orders":3,
				   "insurance":0.0,
				   "get_order_time":3.0,
				   "handin_time":7.0,
				   "start_delay":23.0,
				   "first_pay":149.0,
				   "second_pay":80.0,
				   "first_distance":3.0,
				   "additional_kilometer_cost":11.0,
				   "is_taxi":true}],
  "average_cost":[
				   {"shop_id":1004,"vehicle_type":4,"average_cost":97.25},
				   {"shop_id":1004,"vehicle_type":3,"average_cost":75.757575757575751},
				   {"shop_id":1005,"vehicle_type":5,"average_cost":114.5},
				   {"shop_id":1005,"vehicle_type":4,"average_cost":101.0},
				   {"shop_id":1005,"vehicle_type":3,"average_cost":86.206896551724142},
				   {"shop_id":1020,"vehicle_type":5,"average_cost":135.2},
				   {"shop_id":1020,"vehicle_type":4,"average_cost":94.142857142857139},
				   {"shop_id":1020,"vehicle_type":2,"average_cost":62.5},
				   {"shop_id":1020,"vehicle_type":2,"average_cost":142.85714285714286},
				   {"shop_id":1024,"vehicle_type":5,"average_cost":149.0},
				   {"shop_id":1024,"vehicle_type":3,"average_cost":86.206896551724142},
				   {"shop_id":1029,"vehicle_type":5,"average_cost":124.14285714285714},
				   {"shop_id":1029,"vehicle_type":4,"average_cost":120.5},
				   {"shop_id":1033,"vehicle_type":5,"average_cost":114.5},
				   {"shop_id":1033,"vehicle_type":4,"average_cost":92.0},
				   {"shop_id":1033,"vehicle_type":3,"average_cost":74.324324324324323},
				   {"shop_id":1039,"vehicle_type":5,"average_cost":116.33333333333333},
				   {"shop_id":1039,"vehicle_type":3,"average_cost":76.92307692307692},
				   {"shop_id":1041,"vehicle_type":5,"average_cost":149.0},
				   {"shop_id":1041,"vehicle_type":3,"average_cost":111.11111111111111},
				   {"shop_id":1041,"vehicle_type":3,"average_cost":111.11111111111111},
				   {"shop_id":1049,"vehicle_type":5,"average_cost":114.5},
				   {"shop_id":1049,"vehicle_type":4,"average_cost":104.75},
				   {"shop_id":1049,"vehicle_type":3,"average_cost":100.0},
				   {"shop_id":1063,"vehicle_type":5,"average_cost":126.0},
				   {"shop_id":1063,"vehicle_type":4,"average_cost":99.8},
				   {"shop_id":1063,"vehicle_type":3,"average_cost":87.5},
				   {"shop_id":1067,"vehicle_type":3,"average_cost":90.9090909090909},
				   {"shop_id":1067,"vehicle_type":3,"average_cost":69.444444444444443},
				   {"shop_id":1078,"vehicle_type":5,"average_cost":123.66666666666667},
				   {"shop_id":1078,"vehicle_type":3,"average_cost":76.92307692307692},
				   {"shop_id":1080,"vehicle_type":5,"average_cost":137.25},
				   {"shop_id":1080,"vehicle_type":4,"average_cost":137.0},
				   {"shop_id":1080,"vehicle_type":3,"average_cost":93.75},
				   {"shop_id":1091,"vehicle_type":5,"average_cost":149.0},
				   {"shop_id":1091,"vehicle_type":4,"average_cost":102.25},
				   {"shop_id":1103,"vehicle_type":5,"average_cost":126.0},
				   {"shop_id":1103,"vehicle_type":4,"average_cost":105.5},
				   {"shop_id":1108,"vehicle_type":5,"average_cost":149.0},
				   {"shop_id":1108,"vehicle_type":2,"average_cost":81.818181818181813},
				   {"shop_id":1113,"vehicle_type":5,"average_cost":126.0},
				   {"shop_id":1113,"vehicle_type":3,"average_cost":67.3076923076923},
				   {"shop_id":1126,"vehicle_type":5,"average_cost":149.0},
				   {"shop_id":1126,"vehicle_type":4,"average_cost":96.8},
				   {"shop_id":1126,"vehicle_type":3,"average_cost":68.181818181818187},
				   {"shop_id":1131,"vehicle_type":3,"average_cost":78.125},
				   {"shop_id":1141,"vehicle_type":5,"average_cost":149.0},
				   {"shop_id":1141,"vehicle_type":2,"average_cost":88.888888888888886},
				   {"shop_id":1141,"vehicle_type":2,"average_cost":129.41176470588235},
				   {"shop_id":1144,"vehicle_type":5,"average_cost":149.0},
				   {"shop_id":1144,"vehicle_type":3,"average_cost":73.529411764705884},
				   {"shop_id":1148,"vehicle_type":5,"average_cost":149.0},
				   {"shop_id":1148,"vehicle_type":4,"average_cost":101.0},
				   {"shop_id":1148,"vehicle_type":2,"average_cost":133.33333333333334},
				   {"shop_id":1158,"vehicle_type":5,"average_cost":185.66666666666666},
				   {"shop_id":1158,"vehicle_type":3,"average_cost":78.571428571428569},
				   {"shop_id":1160,"vehicle_type":5,"average_cost":114.5},
				   {"shop_id":1160,"vehicle_type":2,"average_cost":84.21052631578948},
				   {"shop_id":1163,"vehicle_type":5,"average_cost":176.5},
				   {"shop_id":1163,"vehicle_type":3,"average_cost":83.333333333333329},
				   {"shop_id":1170,"vehicle_type":5,"average_cost":145.125},
				   {"shop_id":1170,"vehicle_type":3,"average_cost":187.5},
				   {"shop_id":1183,"vehicle_type":5,"average_cost":123.125},
				   {"shop_id":1212,"vehicle_type":5,"average_cost":149.0},
				   {"shop_id":1212,"vehicle_type":4,"average_cost":94.0},
				   {"shop_id":1212,"vehicle_type":3,"average_cost":73.529411764705884},
				   {"shop_id":1215,"vehicle_type":5,"average_cost":149.0},
				   {"shop_id":1215,"vehicle_type":4,"average_cost":97.25},
				   {"shop_id":1215,"vehicle_type":2,"average_cost":83.333333333333329},
				   {"shop_id":1215,"vehicle_type":2,"average_cost":133.33333333333334},
				   {"shop_id":1227,"vehicle_type":5,"average_cost":127.83333333333333},
				   {"shop_id":1227,"vehicle_type":3,"average_cost":93.75},
				   {"shop_id":1237,"vehicle_type":5,"average_cost":149.0},
				   {"shop_id":1237,"vehicle_type":3,"average_cost":78.571428571428569},
				   {"shop_id":1239,"vehicle_type":5,"average_cost":118.36363636363636},
				   {"shop_id":1239,"vehicle_type":3,"average_cost":83.333333333333329},
				   {"shop_id":1240,"vehicle_type":5,"average_cost":114.5},
				   {"shop_id":1240,"vehicle_type":4,"average_cost":91.5},
				   {"shop_id":1240,"vehicle_type":3,"average_cost":67.073170731707322},
				   {"shop_id":1240,"vehicle_type":3,"average_cost":142.85714285714286},
				   {"shop_id":1242,"vehicle_type":5,"average_cost":149.0},
				   {"shop_id":1242,"vehicle_type":4,"average_cost":97.25},
				   {"shop_id":1242,"vehicle_type":3,"average_cost":69.444444444444443},
				   {"shop_id":1252,"vehicle_type":5,"average_cost":126.0},
				   {"shop_id":1252,"vehicle_type":4,"average_cost":101.5},
				   {"shop_id":1252,"vehicle_type":3,"average_cost":73.529411764705884},
				   {"shop_id":1257,"vehicle_type":5,"average_cost":117.53333333333333},
				   {"shop_id":1257,"vehicle_type":2,"average_cost":86.956521739130437},
				   {"shop_id":1258,"vehicle_type":5,"average_cost":126.0},
				   {"shop_id":1258,"vehicle_type":4,"average_cost":98.5},
				   {"shop_id":1259,"vehicle_type":5,"average_cost":109.57142857142857},
				   {"shop_id":1259,"vehicle_type":3,"average_cost":90.9090909090909},
				   {"shop_id":1260,"vehicle_type":5,"average_cost":114.5},
				   {"shop_id":1260,"vehicle_type":3,"average_cost":83.333333333333329},
				   {"shop_id":1261,"vehicle_type":5,"average_cost":137.4},
				   {"shop_id":1261,"vehicle_type":4,"average_cost":101.0},
				   {"shop_id":1261,"vehicle_type":3,"average_cost":78.94736842105263},
				   {"shop_id":1262,"vehicle_type":5,"average_cost":149.0},
				   {"shop_id":1262,"vehicle_type":4,"average_cost":96.5},
				   {"shop_id":1262,"vehicle_type":3,"average_cost":59.782608695652172},
				   {"shop_id":1266,"vehicle_type":5,"average_cost":149.0},
				   {"shop_id":1266,"vehicle_type":4,"average_cost":91.5},
				   {"shop_id":1266,"vehicle_type":2,"average_cost":88.0},
				   {"shop_id":1268,"vehicle_type":5,"average_cost":114.5},
				   {"shop_id":1268,"vehicle_type":3,"average_cost":86.956521739130437},
				   {"shop_id":1269,"vehicle_type":5,"average_cost":114.5},
				   {"shop_id":1269,"vehicle_type":4,"average_cost":101.85714285714286},
				   {"shop_id":1269,"vehicle_type":3,"average_cost":87.5},
				   {"shop_id":1270,"vehicle_type":5,"average_cost":114.5},
				   {"shop_id":1270,"vehicle_type":3,"average_cost":89.285714285714292},
				   {"shop_id":1277,"vehicle_type":3,"average_cost":86.206896551724142},
				   {"shop_id":1280,"vehicle_type":4,"average_cost":105.8},
				   {"shop_id":1280,"vehicle_type":3,"average_cost":76.92307692307692},
				   {"shop_id":1304,"vehicle_type":5,"average_cost":149.0},
				   {"shop_id":1304,"vehicle_type":4,"average_cost":95.333333333333329},
				   {"shop_id":1304,"vehicle_type":3,"average_cost":51.886792452830186},
				   {"shop_id":1304,"vehicle_type":3,"average_cost":69.444444444444443},
				   {"shop_id":1304,"vehicle_type":3,"average_cost":83.333333333333329},
				   {"shop_id":1306,"vehicle_type":5,"average_cost":112.71428571428571},
				   {"shop_id":1306,"vehicle_type":4,"average_cost":98.428571428571431},
				   {"shop_id":1306,"vehicle_type":3,"average_cost":62.5},
				   {"shop_id":1310,"vehicle_type":5,"average_cost":129.66666666666666},
				   {"shop_id":1310,"vehicle_type":3,"average_cost":78.125},
				   {"shop_id":1318,"vehicle_type":5,"average_cost":130.90909090909091},
				   {"shop_id":1320,"vehicle_type":5,"average_cost":121.4},
				   {"shop_id":1320,"vehicle_type":3,"average_cost":83.333333333333329},
				   {"shop_id":1321,"vehicle_type":5,"average_cost":149.0},
				   {"shop_id":1321,"vehicle_type":4,"average_cost":102.0},
				   {"shop_id":1321,"vehicle_type":3,"average_cost":58.51063829787234},
				   {"shop_id":1321,"vehicle_type":3,"average_cost":90.9090909090909},
				   {"shop_id":1322,"vehicle_type":5,"average_cost":114.5},
				   {"shop_id":1322,"vehicle_type":4,"average_cost":97.25},
				   {"shop_id":1322,"vehicle_type":3,"average_cost":68.181818181818187},
				   {"shop_id":1323,"vehicle_type":5,"average_cost":114.5},
				   {"shop_id":1323,"vehicle_type":3,"average_cost":87.5},
				   {"shop_id":1325,"vehicle_type":5,"average_cost":121.4},
				   {"shop_id":1325,"vehicle_type":4,"average_cost":96.8},
				   {"shop_id":1326,"vehicle_type":5,"average_cost":131.75},
				   {"shop_id":1326,"vehicle_type":4,"average_cost":93.8},
				   {"shop_id":1326,"vehicle_type":2,"average_cost":138.46153846153845},
				   {"shop_id":1328,"vehicle_type":5,"average_cost":126.0},
				   {"shop_id":1328,"vehicle_type":4,"average_cost":101.3},
				   {"shop_id":1328,"vehicle_type":3,"average_cost":78.94736842105263},
				   {"shop_id":1330,"vehicle_type":5,"average_cost":135.2},
				   {"shop_id":1330,"vehicle_type":4,"average_cost":97.25},
				   {"shop_id":1330,"vehicle_type":3,"average_cost":79.545454545454547},
				   {"shop_id":1339,"vehicle_type":5,"average_cost":137.5},
				   {"shop_id":1339,"vehicle_type":2,"average_cost":112.5},
				   {"shop_id":1342,"vehicle_type":5,"average_cost":114.5},
				   {"shop_id":1342,"vehicle_type":3,"average_cost":90.0},
				   {"shop_id":1344,"vehicle_type":5,"average_cost":131.375},
				   {"shop_id":1344,"vehicle_type":3,"average_cost":97.826086956521735},
				   {"shop_id":1347,"vehicle_type":5,"average_cost":130.42857142857142},
				   {"shop_id":1347,"vehicle_type":3,"average_cost":89.285714285714292},
				   {"shop_id":1350,"vehicle_type":5,"average_cost":103.0},
				   {"shop_id":1350,"vehicle_type":4,"average_cost":96.8},
				   {"shop_id":1350,"vehicle_type":3,"average_cost":65.78947368421052},
				   {"shop_id":1356,"vehicle_type":5,"average_cost":149.0},
				   {"shop_id":1356,"vehicle_type":3,"average_cost":71.428571428571431},
				   {"shop_id":1357,"vehicle_type":5,"average_cost":118.33333333333333},
				   {"shop_id":1357,"vehicle_type":2,"average_cost":83.333333333333329},
				   {"shop_id":1358,"vehicle_type":5,"average_cost":114.5},
				   {"shop_id":1358,"vehicle_type":3,"average_cost":83.333333333333329},
				   {"shop_id":1358,"vehicle_type":3,"average_cost":116.66666666666667},
				   {"shop_id":1360,"vehicle_type":5,"average_cost":126.0},
				   {"shop_id":1360,"vehicle_type":2,"average_cost":84.21052631578948},
				   {"shop_id":1361,"vehicle_type":3,"average_cost":89.285714285714292},
				   {"shop_id":1361,"vehicle_type":3,"average_cost":83.333333333333329},
				   {"shop_id":1362,"vehicle_type":3,"average_cost":83.333333333333329},
				   {"shop_id":1363,"vehicle_type":5,"average_cost":149.0},
				   {"shop_id":1363,"vehicle_type":4,"average_cost":97.25},
				   {"shop_id":1363,"vehicle_type":3,"average_cost":68.181818181818187},
				   {"shop_id":1364,"vehicle_type":5,"average_cost":126.0},
				   {"shop_id":1364,"vehicle_type":3,"average_cost":72.916666666666671},
				   {"shop_id":1366,"vehicle_type":5,"average_cost":159.0},
				   {"shop_id":1366,"vehicle_type":4,"average_cost":129.5},
				   {"shop_id":1366,"vehicle_type":3,"average_cost":93.75},
				   {"shop_id":1367,"vehicle_type":5,"average_cost":131.0},
				   {"shop_id":1367,"vehicle_type":4,"average_cost":122.0},
				   {"shop_id":1367,"vehicle_type":3,"average_cost":100.0},
				   {"shop_id":1367,"vehicle_type":3,"average_cost":150.0},
				   {"shop_id":1369,"vehicle_type":5,"average_cost":122.46153846153847},
				   {"shop_id":1369,"vehicle_type":4,"average_cost":96.8},
				   {"shop_id":1371,"vehicle_type":5,"average_cost":163.66666666666666},
				   {"shop_id":1371,"vehicle_type":3,"average_cost":90.0},
				   {"shop_id":1380,"vehicle_type":5,"average_cost":109.57142857142857},
				   {"shop_id":1380,"vehicle_type":3,"average_cost":96.15384615384616},
				   {"shop_id":1384,"vehicle_type":5,"average_cost":119.42857142857143},
				   {"shop_id":1384,"vehicle_type":4,"average_cost":93.9090909090909},
				   {"shop_id":1385,"vehicle_type":5,"average_cost":114.5},
				   {"shop_id":1385,"vehicle_type":4,"average_cost":94.0},
				   {"shop_id":1385,"vehicle_type":3,"average_cost":67.567567567567565},
				   {"shop_id":1388,"vehicle_type":5,"average_cost":149.0},
				   {"shop_id":1388,"vehicle_type":4,"average_cost":94.0},
				   {"shop_id":1388,"vehicle_type":3,"average_cost":90.0},
				   {"shop_id":1390,"vehicle_type":5,"average_cost":107.6},
				   {"shop_id":1390,"vehicle_type":3,"average_cost":76.388888888888886},
				   {"shop_id":1391,"vehicle_type":5,"average_cost":131.0},
				   {"shop_id":1391,"vehicle_type":3,"average_cost":88.235294117647058},
				   {"shop_id":1391,"vehicle_type":3,"average_cost":156.25},
				   {"shop_id":1392,"vehicle_type":5,"average_cost":128.3},
				   {"shop_id":1392,"vehicle_type":4,"average_cost":94.0},
				   {"shop_id":1397,"vehicle_type":5,"average_cost":126.0},
				   {"shop_id":1397,"vehicle_type":3,"average_cost":72.368421052631575},
				   {"shop_id":1399,"vehicle_type":5,"average_cost":149.0},
				   {"shop_id":1399,"vehicle_type":4,"average_cost":96.8},
				   {"shop_id":1399,"vehicle_type":3,"average_cost":89.285714285714292},
				   {"shop_id":1404,"vehicle_type":5,"average_cost":135.2},
				   {"shop_id":1404,"vehicle_type":4,"average_cost":114.5},
				   {"shop_id":1404,"vehicle_type":2,"average_cost":116.66666666666667},
				   {"shop_id":1406,"vehicle_type":5,"average_cost":114.5},
				   {"shop_id":1406,"vehicle_type":2,"average_cost":70.588235294117652},
				   {"shop_id":1407,"vehicle_type":5,"average_cost":131.75},
				   {"shop_id":1407,"vehicle_type":3,"average_cost":100.0},
				   {"shop_id":1409,"vehicle_type":4,"average_cost":96.8},
				   {"shop_id":1409,"vehicle_type":3,"average_cost":83.333333333333329},
				   {"shop_id":1424,"vehicle_type":5,"average_cost":107.6},
				   {"shop_id":1424,"vehicle_type":4,"average_cost":105.5},
				   {"shop_id":1424,"vehicle_type":3,"average_cost":138.88888888888889},
				   {"shop_id":1433,"vehicle_type":4,"average_cost":96.8},
				   {"shop_id":1433,"vehicle_type":3,"average_cost":73.529411764705884},
				   {"shop_id":1434,"vehicle_type":5,"average_cost":131.75},
				   {"shop_id":1434,"vehicle_type":4,"average_cost":97.25},
				   {"shop_id":1434,"vehicle_type":3,"average_cost":75.757575757575751},
				   {"shop_id":1435,"vehicle_type":5,"average_cost":103.0},
				   {"shop_id":1435,"vehicle_type":4,"average_cost":94.0},
				   {"shop_id":1435,"vehicle_type":3,"average_cost":111.11111111111111},
				   {"shop_id":1437,"vehicle_type":5,"average_cost":107.6},
				   {"shop_id":1437,"vehicle_type":3,"average_cost":71.428571428571431},
				   {"shop_id":1437,"vehicle_type":2,"average_cost":88.888888888888886},
				   {"shop_id":1441,"vehicle_type":5,"average_cost":149.0},
				   {"shop_id":1441,"vehicle_type":3,"average_cost":77.58620689655173},
				   {"shop_id":1443,"vehicle_type":5,"average_cost":149.0},
				   {"shop_id":1443,"vehicle_type":2,"average_cost":95.238095238095241},
				   {"shop_id":1449,"vehicle_type":5,"average_cost":134.66666666666666},
				   {"shop_id":1449,"vehicle_type":4,"average_cost":100.57142857142857},
				   {"shop_id":1449,"vehicle_type":3,"average_cost":102.94117647058823},
				   {"shop_id":1451,"vehicle_type":5,"average_cost":149.0},
				   {"shop_id":1451,"vehicle_type":3,"average_cost":60.975609756097562},
				   {"shop_id":1457,"vehicle_type":5,"average_cost":149.0},
				   {"shop_id":1457,"vehicle_type":4,"average_cost":93.8},
				   {"shop_id":1457,"vehicle_type":3,"average_cost":86.956521739130437},
				   {"shop_id":1458,"vehicle_type":5,"average_cost":149.0},
				   {"shop_id":1458,"vehicle_type":4,"average_cost":89.857142857142861},
				   {"shop_id":1458,"vehicle_type":3,"average_cost":75.0},
				   {"shop_id":1460,"vehicle_type":5,"average_cost":103.0},
				   {"shop_id":1460,"vehicle_type":3,"average_cost":74.324324324324323},
				   {"shop_id":1463,"vehicle_type":4,"average_cost":101.0},
				   {"shop_id":1463,"vehicle_type":3,"average_cost":67.073170731707322},
				   {"shop_id":1470,"vehicle_type":5,"average_cost":114.5},
				   {"shop_id":1471,"vehicle_type":5,"average_cost":149.0},
				   {"shop_id":1471,"vehicle_type":2,"average_cost":77.41935483870968},
				   {"shop_id":1471,"vehicle_type":3,"average_cost":96.15384615384616},
				   {"shop_id":1472,"vehicle_type":4,"average_cost":104.75},
				   {"shop_id":1472,"vehicle_type":3,"average_cost":80.882352941176464},
				   {"shop_id":1475,"vehicle_type":5,"average_cost":135.2},
				   {"shop_id":1475,"vehicle_type":4,"average_cost":94.0},
				   {"shop_id":1480,"vehicle_type":5,"average_cost":114.5},
				   {"shop_id":1480,"vehicle_type":4,"average_cost":93.8},
				   {"shop_id":1480,"vehicle_type":3,"average_cost":76.92307692307692},
				   {"shop_id":1488,"vehicle_type":5,"average_cost":119.55555555555556},
				   {"shop_id":1488,"vehicle_type":4,"average_cost":96.5},
				   {"shop_id":1488,"vehicle_type":3,"average_cost":58.139534883720927},
				   {"shop_id":1488,"vehicle_type":3,"average_cost":71.428571428571431},
				   {"shop_id":1491,"vehicle_type":5,"average_cost":149.0},
				   {"shop_id":1491,"vehicle_type":3,"average_cost":72.58064516129032},
				   {"shop_id":1493,"vehicle_type":3,"average_cost":100.0},
				   {"shop_id":1493,"vehicle_type":3,"average_cost":83.333333333333329},
				   {"shop_id":1494,"vehicle_type":5,"average_cost":149.0},
				   {"shop_id":1494,"vehicle_type":4,"average_cost":96.63636363636364},
				   {"shop_id":1494,"vehicle_type":3,"average_cost":75.757575757575751},
				   {"shop_id":1495,"vehicle_type":5,"average_cost":103.0},
				   {"shop_id":1495,"vehicle_type":4,"average_cost":97.25},
				   {"shop_id":1495,"vehicle_type":3,"average_cost":83.333333333333329},
				   {"shop_id":1498,"vehicle_type":5,"average_cost":107.6},
				   {"shop_id":1498,"vehicle_type":3,"average_cost":62.5},
				   {"shop_id":1499,"vehicle_type":4,"average_cost":93.8},
				   {"shop_id":1499,"vehicle_type":3,"average_cost":78.125},
				   {"shop_id":1504,"vehicle_type":3,"average_cost":70.512820512820511},
				   {"shop_id":1505,"vehicle_type":5,"average_cost":149.0},
				   {"shop_id":1505,"vehicle_type":4,"average_cost":105.5},
				   {"shop_id":1505,"vehicle_type":3,"average_cost":70.512820512820511},
				   {"shop_id":1507,"vehicle_type":5,"average_cost":122.57142857142857},
				   {"shop_id":1507,"vehicle_type":4,"average_cost":108.36363636363636},
				   {"shop_id":1511,"vehicle_type":5,"average_cost":149.0},
				   {"shop_id":1511,"vehicle_type":3,"average_cost":83.333333333333329},
				   {"shop_id":1516,"vehicle_type":5,"average_cost":131.75},
				   {"shop_id":1516,"vehicle_type":4,"average_cost":103.66666666666667},
				   {"shop_id":1517,"vehicle_type":5,"average_cost":131.75},
				   {"shop_id":1517,"vehicle_type":4,"average_cost":93.8},
				   {"shop_id":1517,"vehicle_type":3,"average_cost":88.235294117647058},
				   {"shop_id":1521,"vehicle_type":5,"average_cost":114.5},
				   {"shop_id":1521,"vehicle_type":2,"average_cost":72.727272727272734},
				   {"shop_id":1521,"vehicle_type":3,"average_cost":76.92307692307692},
				   {"shop_id":1522,"vehicle_type":3,"average_cost":67.567567567567565},
				   {"shop_id":1523,"vehicle_type":5,"average_cost":149.0},
				   {"shop_id":1523,"vehicle_type":3,"average_cost":89.285714285714292},
				   {"shop_id":1524,"vehicle_type":4,"average_cost":93.8},
				   {"shop_id":1524,"vehicle_type":3,"average_cost":90.0},
				   {"shop_id":1530,"vehicle_type":3,"average_cost":70.512820512820511},
				   {"shop_id":1536,"vehicle_type":5,"average_cost":114.5},
				   {"shop_id":1536,"vehicle_type":3,"average_cost":68.181818181818187},
				   {"shop_id":1537,"vehicle_type":5,"average_cost":114.5},
				   {"shop_id":1537,"vehicle_type":2,"average_cost":70.967741935483872},
				   {"shop_id":1538,"vehicle_type":5,"average_cost":121.63636363636364},
				   {"shop_id":1538,"vehicle_type":4,"average_cost":99.8},
				   {"shop_id":1538,"vehicle_type":3,"average_cost":83.333333333333329},
				   {"shop_id":1545,"vehicle_type":4,"average_cost":93.8},
				   {"shop_id":1545,"vehicle_type":3,"average_cost":83.333333333333329},
				   {"shop_id":1545,"vehicle_type":3,"average_cost":125.0},
				   {"shop_id":1549,"vehicle_type":5,"average_cost":103.0},
				   {"shop_id":1549,"vehicle_type":4,"average_cost":97.0},
				   {"shop_id":1549,"vehicle_type":3,"average_cost":70.3125},
				   {"shop_id":1550,"vehicle_type":5,"average_cost":103.0},
				   {"shop_id":1550,"vehicle_type":2,"average_cost":90.9090909090909},
				   {"shop_id":1550,"vehicle_type":3,"average_cost":125.0},
				   {"shop_id":1552,"vehicle_type":5,"average_cost":119.42857142857143},
				   {"shop_id":1552,"vehicle_type":2,"average_cost":75.0},
				   {"shop_id":1552,"vehicle_type":2,"average_cost":133.33333333333334},
				   {"shop_id":1553,"vehicle_type":5,"average_cost":121.4},
				   {"shop_id":1553,"vehicle_type":3,"average_cost":100.0},
				   {"shop_id":1556,"vehicle_type":3,"average_cost":71.428571428571431},
				   {"shop_id":1558,"vehicle_type":5,"average_cost":115.6},
				   {"shop_id":1558,"vehicle_type":3,"average_cost":89.285714285714292},
				   {"shop_id":1562,"vehicle_type":5,"average_cost":114.5},
				   {"shop_id":1562,"vehicle_type":4,"average_cost":97.0},
				   {"shop_id":1566,"vehicle_type":5,"average_cost":149.0},
				   {"shop_id":1566,"vehicle_type":4,"average_cost":96.5},
				   {"shop_id":1566,"vehicle_type":3,"average_cost":75.757575757575751},
				   {"shop_id":1567,"vehicle_type":5,"average_cost":136.5},
				   {"shop_id":1567,"vehicle_type":4,"average_cost":123.0},
				   {"shop_id":1567,"vehicle_type":3,"average_cost":71.428571428571431},
				   {"shop_id":1569,"vehicle_type":5,"average_cost":149.0},
				   {"shop_id":1569,"vehicle_type":4,"average_cost":101.0},
				   {"shop_id":1569,"vehicle_type":3,"average_cost":87.5},
				   {"shop_id":1570,"vehicle_type":5,"average_cost":149.0},
				   {"shop_id":1570,"vehicle_type":2,"average_cost":80.0},
				   {"shop_id":1570,"vehicle_type":2,"average_cost":125.0},
				   {"shop_id":1583,"vehicle_type":5,"average_cost":114.5},
				   {"shop_id":1583,"vehicle_type":4,"average_cost":102.8},
				   {"shop_id":1583,"vehicle_type":3,"average_cost":111.11111111111111},
				   {"shop_id":1584,"vehicle_type":3,"average_cost":147.05882352941177},
				   {"shop_id":1585,"vehicle_type":5,"average_cost":125.0},
				   {"shop_id":1587,"vehicle_type":5,"average_cost":149.0},
				   {"shop_id":1587,"vehicle_type":3,"average_cost":77.58620689655173},
				   {"shop_id":1588,"vehicle_type":5,"average_cost":129.28571428571428},
				   {"shop_id":1588,"vehicle_type":3,"average_cost":65.78947368421052},
				   {"shop_id":1591,"vehicle_type":5,"average_cost":114.5},
				   {"shop_id":1591,"vehicle_type":4,"average_cost":93.8},
				   {"shop_id":1591,"vehicle_type":3,"average_cost":90.9090909090909},
				   {"shop_id":1594,"vehicle_type":5,"average_cost":149.0},
				   {"shop_id":1594,"vehicle_type":3,"average_cost":90.9090909090909},
				   {"shop_id":1594,"vehicle_type":2,"average_cost":100.0},
				   {"shop_id":1598,"vehicle_type":5,"average_cost":114.5},
				   {"shop_id":1598,"vehicle_type":3,"average_cost":85.9375},
				   {"shop_id":1599,"vehicle_type":5,"average_cost":149.0},
				   {"shop_id":1599,"vehicle_type":3,"average_cost":90.0},
				   {"shop_id":1600,"vehicle_type":3,"average_cost":70.512820512820511},
				   {"shop_id":1600,"vehicle_type":3,"average_cost":100.0},
				   {"shop_id":1602,"vehicle_type":5,"average_cost":135.2},
				   {"shop_id":1602,"vehicle_type":3,"average_cost":92.10526315789474},
				   {"shop_id":1612,"vehicle_type":5,"average_cost":114.5},
				   {"shop_id":1612,"vehicle_type":4,"average_cost":101.0},
				   {"shop_id":1612,"vehicle_type":3,"average_cost":83.333333333333329},
				   {"shop_id":1613,"vehicle_type":3,"average_cost":83.333333333333329},
				   {"shop_id":1613,"vehicle_type":3,"average_cost":93.75},
				   {"shop_id":1616,"vehicle_type":4,"average_cost":91.5},
				   {"shop_id":1616,"vehicle_type":3,"average_cost":64.1025641025641},
				   {"shop_id":1616,"vehicle_type":3,"average_cost":73.529411764705884},
				   {"shop_id":1618,"vehicle_type":5,"average_cost":152.66666666666666},
				   {"shop_id":1618,"vehicle_type":4,"average_cost":129.125},
				   {"shop_id":1618,"vehicle_type":3,"average_cost":109.375},
				   {"shop_id":1619,"vehicle_type":5,"average_cost":149.0},
				   {"shop_id":1619,"vehicle_type":4,"average_cost":114.5},
				   {"shop_id":1619,"vehicle_type":3,"average_cost":87.5},
				   {"shop_id":1623,"vehicle_type":5,"average_cost":149.0},
				   {"shop_id":1623,"vehicle_type":3,"average_cost":72.58064516129032},
				   {"shop_id":1626,"vehicle_type":5,"average_cost":114.5},
				   {"shop_id":1626,"vehicle_type":4,"average_cost":93.8},
				   {"shop_id":1626,"vehicle_type":3,"average_cost":83.333333333333329},
				   {"shop_id":1627,"vehicle_type":5,"average_cost":114.5},
				   {"shop_id":1627,"vehicle_type":3,"average_cost":83.333333333333329},
				   {"shop_id":1629,"vehicle_type":5,"average_cost":149.0},
				   {"shop_id":1629,"vehicle_type":4,"average_cost":102.0},
				   {"shop_id":1629,"vehicle_type":2,"average_cost":82.3529411764706},
				   {"shop_id":1630,"vehicle_type":5,"average_cost":109.8},
				   {"shop_id":1630,"vehicle_type":3,"average_cost":97.826086956521735},
				   {"shop_id":1635,"vehicle_type":5,"average_cost":130.69230769230768},
				   {"shop_id":1635,"vehicle_type":3,"average_cost":80.645161290322577},
				   {"shop_id":1642,"vehicle_type":5,"average_cost":126.0},
				   {"shop_id":1642,"vehicle_type":4,"average_cost":99.8},
				   {"shop_id":1642,"vehicle_type":3,"average_cost":75.757575757575751},
				   {"shop_id":1642,"vehicle_type":3,"average_cost":76.92307692307692},
				   {"shop_id":1645,"vehicle_type":5,"average_cost":149.0},
				   {"shop_id":1645,"vehicle_type":4,"average_cost":96.8},
				   {"shop_id":1645,"vehicle_type":3,"average_cost":86.538461538461533},
				   {"shop_id":1647,"vehicle_type":5,"average_cost":137.0},
				   {"shop_id":1647,"vehicle_type":4,"average_cost":112.25},
				   {"shop_id":1647,"vehicle_type":3,"average_cost":125.0},
				   {"shop_id":1648,"vehicle_type":5,"average_cost":126.0},
				   {"shop_id":1648,"vehicle_type":3,"average_cost":64.81481481481481},
				   {"shop_id":1651,"vehicle_type":4,"average_cost":97.25},
				   {"shop_id":1651,"vehicle_type":3,"average_cost":78.125},
				   {"shop_id":1656,"vehicle_type":3,"average_cost":90.0},
				   {"shop_id":1658,"vehicle_type":5,"average_cost":131.75},
				   {"shop_id":1658,"vehicle_type":4,"average_cost":99.0},
				   {"shop_id":1658,"vehicle_type":3,"average_cost":73.529411764705884},
				   {"shop_id":1663,"vehicle_type":5,"average_cost":125.8},
				   {"shop_id":1663,"vehicle_type":4,"average_cost":129.8},
				   {"shop_id":1663,"vehicle_type":3,"average_cost":78.125},
				   {"shop_id":1664,"vehicle_type":5,"average_cost":103.0},
				   {"shop_id":1664,"vehicle_type":4,"average_cost":101.0},
				   {"shop_id":1664,"vehicle_type":3,"average_cost":96.15384615384616},
				   {"shop_id":1665,"vehicle_type":5,"average_cost":126.0},
				   {"shop_id":1665,"vehicle_type":4,"average_cost":97.0},
				   {"shop_id":1665,"vehicle_type":3,"average_cost":100.0},
				   {"shop_id":1666,"vehicle_type":5,"average_cost":129.28571428571428},
				   {"shop_id":1666,"vehicle_type":4,"average_cost":97.25},
				   {"shop_id":1666,"vehicle_type":3,"average_cost":76.388888888888886},
				   {"shop_id":1668,"vehicle_type":5,"average_cost":149.0},
				   {"shop_id":1668,"vehicle_type":3,"average_cost":89.285714285714292},
				   {"shop_id":1668,"vehicle_type":3,"average_cost":83.333333333333329},
				   {"shop_id":1674,"vehicle_type":5,"average_cost":147.875},
				   {"shop_id":1674,"vehicle_type":4,"average_cost":144.5},
				   {"shop_id":1674,"vehicle_type":3,"average_cost":88.709677419354833},
				   {"shop_id":1674,"vehicle_type":3,"average_cost":114.58333333333333},
				   {"shop_id":1675,"vehicle_type":5,"average_cost":149.0},
				   {"shop_id":1675,"vehicle_type":4,"average_cost":105.63636363636364},
				   {"shop_id":1675,"vehicle_type":3,"average_cost":90.9090909090909},
				   {"shop_id":1676,"vehicle_type":5,"average_cost":114.5},
				   {"shop_id":1676,"vehicle_type":3,"average_cost":96.15384615384616},
				   {"shop_id":1679,"vehicle_type":5,"average_cost":149.0},
				   {"shop_id":1679,"vehicle_type":2,"average_cost":76.92307692307692},
				   {"shop_id":1679,"vehicle_type":2,"average_cost":80.0},
				   {"shop_id":1680,"vehicle_type":5,"average_cost":126.0},
				   {"shop_id":1680,"vehicle_type":4,"average_cost":99.0},
				   {"shop_id":1680,"vehicle_type":3,"average_cost":136.36363636363637},
				   {"shop_id":1681,"vehicle_type":5,"average_cost":114.5},
				   {"shop_id":1681,"vehicle_type":4,"average_cost":101.0},
				   {"shop_id":1681,"vehicle_type":3,"average_cost":76.92307692307692},
				   {"shop_id":1683,"vehicle_type":5,"average_cost":149.0},
				   {"shop_id":1683,"vehicle_type":3,"average_cost":71.428571428571431},
				   {"shop_id":1685,"vehicle_type":5,"average_cost":114.5},
				   {"shop_id":1685,"vehicle_type":4,"average_cost":96.8},
				   {"shop_id":1685,"vehicle_type":3,"average_cost":76.92307692307692},
				   {"shop_id":1686,"vehicle_type":5,"average_cost":122.0},
				   {"shop_id":1686,"vehicle_type":3,"average_cost":76.92307692307692},
				   {"shop_id":1693,"vehicle_type":3,"average_cost":83.333333333333329},
				   {"shop_id":1693,"vehicle_type":3,"average_cost":125.0},
				   {"shop_id":1696,"vehicle_type":5,"average_cost":135.2},
				   {"shop_id":1696,"vehicle_type":3,"average_cost":88.235294117647058},
				   {"shop_id":1697,"vehicle_type":3,"average_cost":64.1025641025641},
				   {"shop_id":1697,"vehicle_type":3,"average_cost":76.92307692307692},
				   {"shop_id":1703,"vehicle_type":5,"average_cost":107.6},
				   {"shop_id":1703,"vehicle_type":3,"average_cost":89.285714285714292},
				   {"shop_id":1707,"vehicle_type":3,"average_cost":76.92307692307692},
				   {"shop_id":1710,"vehicle_type":5,"average_cost":119.42857142857143},
				   {"shop_id":1710,"vehicle_type":3,"average_cost":88.235294117647058},
				   {"shop_id":1712,"vehicle_type":3,"average_cost":71.428571428571431},
				   {"shop_id":1713,"vehicle_type":5,"average_cost":135.77777777777777},
				   {"shop_id":1716,"vehicle_type":5,"average_cost":149.0},
				   {"shop_id":1716,"vehicle_type":4,"average_cost":108.5},
				   {"shop_id":1716,"vehicle_type":3,"average_cost":58.139534883720927},
				   {"shop_id":1720,"vehicle_type":5,"average_cost":107.6},
				   {"shop_id":1720,"vehicle_type":3,"average_cost":90.0},
				   {"shop_id":1725,"vehicle_type":5,"average_cost":149.0},
				   {"shop_id":1725,"vehicle_type":4,"average_cost":99.125},
				   {"shop_id":1725,"vehicle_type":3,"average_cost":83.333333333333329},
				   {"shop_id":1726,"vehicle_type":5,"average_cost":139.33333333333334},
				   {"shop_id":1726,"vehicle_type":4,"average_cost":152.0},
				   {"shop_id":1726,"vehicle_type":3,"average_cost":70.512820512820511},
				   {"shop_id":1727,"vehicle_type":5,"average_cost":149.0},
				   {"shop_id":1727,"vehicle_type":3,"average_cost":65.78947368421052},
				   {"shop_id":1730,"vehicle_type":3,"average_cost":62.5},
				   {"shop_id":1734,"vehicle_type":5,"average_cost":121.4},
				   {"shop_id":1734,"vehicle_type":4,"average_cost":97.25},
				   {"shop_id":1734,"vehicle_type":3,"average_cost":80.645161290322577},
				   {"shop_id":1736,"vehicle_type":5,"average_cost":114.5},
				   {"shop_id":1736,"vehicle_type":3,"average_cost":83.333333333333329},
				   {"shop_id":1740,"vehicle_type":5,"average_cost":149.0},
				   {"shop_id":1740,"vehicle_type":3,"average_cost":75.0},
				   {"shop_id":1742,"vehicle_type":5,"average_cost":149.0},
				   {"shop_id":1742,"vehicle_type":3,"average_cost":83.333333333333329},
				   {"shop_id":1742,"vehicle_type":3,"average_cost":83.333333333333329},
				   {"shop_id":1745,"vehicle_type":5,"average_cost":103.0},
				   {"shop_id":1745,"vehicle_type":3,"average_cost":67.567567567567565},
				   {"shop_id":1745,"vehicle_type":3,"average_cost":62.5},
				   {"shop_id":1749,"vehicle_type":5,"average_cost":121.4},
				   {"shop_id":1749,"vehicle_type":3,"average_cost":56.122448979591837},
				   {"shop_id":1749,"vehicle_type":3,"average_cost":87.5},
				   {"shop_id":1750,"vehicle_type":5,"average_cost":123.90909090909091},
				   {"shop_id":1750,"vehicle_type":4,"average_cost":101.0},
				   {"shop_id":1750,"vehicle_type":3,"average_cost":102.27272727272727},
				   {"shop_id":1753,"vehicle_type":3,"average_cost":156.25},
				   {"shop_id":1754,"vehicle_type":3,"average_cost":86.206896551724142},
				   {"shop_id":1756,"vehicle_type":5,"average_cost":105.875},
				   {"shop_id":1756,"vehicle_type":3,"average_cost":111.11111111111111},
				   {"shop_id":1757,"vehicle_type":5,"average_cost":149.0},
				   {"shop_id":1757,"vehicle_type":3,"average_cost":71.428571428571431},
				   {"shop_id":1768,"vehicle_type":5,"average_cost":119.55555555555556},
				   {"shop_id":1768,"vehicle_type":3,"average_cost":125.0},
				   {"shop_id":1769,"vehicle_type":4,"average_cost":97.25},
				   {"shop_id":1769,"vehicle_type":3,"average_cost":83.333333333333329},
				   {"shop_id":1772,"vehicle_type":5,"average_cost":126.0},
				   {"shop_id":1772,"vehicle_type":3,"average_cost":72.368421052631575},
				   {"shop_id":1774,"vehicle_type":5,"average_cost":144.33333333333334},
				   {"shop_id":1774,"vehicle_type":3,"average_cost":96.15384615384616},
				   {"shop_id":1774,"vehicle_type":3,"average_cost":136.36363636363637},
				   {"shop_id":1775,"vehicle_type":5,"average_cost":149.0},
				   {"shop_id":1775,"vehicle_type":4,"average_cost":93.8},
				   {"shop_id":1775,"vehicle_type":3,"average_cost":83.333333333333329},
				   {"shop_id":1780,"vehicle_type":5,"average_cost":149.0},
				   {"shop_id":1780,"vehicle_type":3,"average_cost":92.10526315789474},
				   {"shop_id":1780,"vehicle_type":3,"average_cost":111.11111111111111},
				   {"shop_id":1781,"vehicle_type":5,"average_cost":165.5},
				   {"shop_id":1781,"vehicle_type":3,"average_cost":83.333333333333329},
				   {"shop_id":1782,"vehicle_type":5,"average_cost":123.6},
				   {"shop_id":1782,"vehicle_type":4,"average_cost":114.5},
				   {"shop_id":1782,"vehicle_type":3,"average_cost":65.217391304347828},
				   {"shop_id":1789,"vehicle_type":3,"average_cost":83.333333333333329},
				   {"shop_id":1795,"vehicle_type":5,"average_cost":114.5},
				   {"shop_id":1795,"vehicle_type":4,"average_cost":92.0},
				   {"shop_id":1795,"vehicle_type":3,"average_cost":87.5},
				   {"shop_id":1796,"vehicle_type":5,"average_cost":149.0},
				   {"shop_id":1796,"vehicle_type":4,"average_cost":114.5},
				   {"shop_id":1796,"vehicle_type":2,"average_cost":80.0},
				   {"shop_id":1822,"vehicle_type":5,"average_cost":149.0},
				   {"shop_id":1822,"vehicle_type":3,"average_cost":73.529411764705884},
				   {"shop_id":1891,"vehicle_type":5,"average_cost":129.28571428571428},
				   {"shop_id":1891,"vehicle_type":2,"average_cost":82.3529411764706},
				   {"shop_id":1896,"vehicle_type":5,"average_cost":107.6},
				   {"shop_id":1896,"vehicle_type":3,"average_cost":90.9090909090909},
				   {"shop_id":1897,"vehicle_type":5,"average_cost":149.0},
				   {"shop_id":1897,"vehicle_type":4,"average_cost":100.33333333333333},
				   {"shop_id":1897,"vehicle_type":3,"average_cost":76.388888888888886},
				   {"shop_id":1900,"vehicle_type":5,"average_cost":103.0},
				   {"shop_id":1900,"vehicle_type":4,"average_cost":91.5},
				   {"shop_id":1900,"vehicle_type":3,"average_cost":71.428571428571431},
				   {"shop_id":1901,"vehicle_type":5,"average_cost":126.0},
				   {"shop_id":1901,"vehicle_type":4,"average_cost":97.25},
				   {"shop_id":1901,"vehicle_type":3,"average_cost":86.956521739130437},
				   {"shop_id":1915,"vehicle_type":5,"average_cost":149.625},
				   {"shop_id":1915,"vehicle_type":4,"average_cost":105.8},
				   {"shop_id":1915,"vehicle_type":3,"average_cost":81.081081081081081},
				   {"shop_id":1915,"vehicle_type":3,"average_cost":95.238095238095241},
				   {"shop_id":1974,"vehicle_type":5,"average_cost":114.5},
				   {"shop_id":1974,"vehicle_type":4,"average_cost":106.625},
				   {"shop_id":1974,"vehicle_type":2,"average_cost":74.074074074074076},
				   {"shop_id":1974,"vehicle_type":3,"average_cost":83.333333333333329},
				   {"shop_id":1978,"vehicle_type":5,"average_cost":131.75},
				   {"shop_id":1978,"vehicle_type":3,"average_cost":86.538461538461533},
				   {"shop_id":198,"vehicle_type":5,"average_cost":131.75},
				   {"shop_id":198,"vehicle_type":3,"average_cost":83.333333333333329},
				   {"shop_id":1987,"vehicle_type":5,"average_cost":149.0},
				   {"shop_id":1987,"vehicle_type":3,"average_cost":71.428571428571431},
				   {"shop_id":1987,"vehicle_type":3,"average_cost":90.9090909090909},
				   {"shop_id":1991,"vehicle_type":5,"average_cost":112.0},
				   {"shop_id":1991,"vehicle_type":4,"average_cost":108.8},
				   {"shop_id":1991,"vehicle_type":3,"average_cost":76.388888888888886},
				   {"shop_id":1991,"vehicle_type":3,"average_cost":100.0},
				   {"shop_id":1991,"vehicle_type":3,"average_cost":104.16666666666667},
				   {"shop_id":1993,"vehicle_type":5,"average_cost":126.0},
				   {"shop_id":1993,"vehicle_type":4,"average_cost":97.25},
				   {"shop_id":1993,"vehicle_type":3,"average_cost":60.975609756097562},
				   {"shop_id":1993,"vehicle_type":3,"average_cost":100.0},
				   {"shop_id":1996,"vehicle_type":5,"average_cost":149.0},
				   {"shop_id":1996,"vehicle_type":4,"average_cost":94.0},
				   {"shop_id":1996,"vehicle_type":3,"average_cost":61.111111111111114},
				   {"shop_id":1996,"vehicle_type":3,"average_cost":89.285714285714292},
				   {"shop_id":2005,"vehicle_type":5,"average_cost":129.66666666666666},
				   {"shop_id":2005,"vehicle_type":3,"average_cost":86.206896551724142},
				   {"shop_id":2006,"vehicle_type":5,"average_cost":131.75},
				   {"shop_id":2006,"vehicle_type":2,"average_cost":90.9090909090909},
				   {"shop_id":2007,"vehicle_type":5,"average_cost":149.0},
				   {"shop_id":2007,"vehicle_type":4,"average_cost":100.33333333333333},
				   {"shop_id":2007,"vehicle_type":3,"average_cost":69.444444444444443},
				   {"shop_id":2008,"vehicle_type":5,"average_cost":131.75},
				   {"shop_id":2008,"vehicle_type":4,"average_cost":100.14285714285714},
				   {"shop_id":2008,"vehicle_type":3,"average_cost":62.5},
				   {"shop_id":2011,"vehicle_type":3,"average_cost":93.75},
				   {"shop_id":2011,"vehicle_type":3,"average_cost":104.16666666666667},
				   {"shop_id":2018,"vehicle_type":5,"average_cost":106.66666666666667},
				   {"shop_id":2018,"vehicle_type":4,"average_cost":104.0},
				   {"shop_id":2018,"vehicle_type":3,"average_cost":62.5},
				   {"shop_id":2026,"vehicle_type":5,"average_cost":126.0},
				   {"shop_id":2026,"vehicle_type":4,"average_cost":97.25},
				   {"shop_id":2026,"vehicle_type":3,"average_cost":89.285714285714292},
				   {"shop_id":2039,"vehicle_type":5,"average_cost":110.66666666666667},
				   {"shop_id":2039,"vehicle_type":2,"average_cost":100.0},
				   {"shop_id":2041,"vehicle_type":5,"average_cost":149.0},
				   {"shop_id":2041,"vehicle_type":3,"average_cost":85.9375},
				   {"shop_id":2045,"vehicle_type":4,"average_cost":90.5},
				   {"shop_id":2045,"vehicle_type":3,"average_cost":83.333333333333329},
				   {"shop_id":2049,"vehicle_type":5,"average_cost":149.0},
				   {"shop_id":2049,"vehicle_type":3,"average_cost":78.94736842105263},
				   {"shop_id":2053,"vehicle_type":5,"average_cost":103.0},
				   {"shop_id":2053,"vehicle_type":3,"average_cost":85.9375},
				   {"shop_id":2054,"vehicle_type":5,"average_cost":121.78571428571429},
				   {"shop_id":2091,"vehicle_type":5,"average_cost":135.2},
				   {"shop_id":2091,"vehicle_type":4,"average_cost":102.84615384615384},
				   {"shop_id":2091,"vehicle_type":3,"average_cost":73.529411764705884},
				   {"shop_id":2092,"vehicle_type":5,"average_cost":153.75},
				   {"shop_id":2094,"vehicle_type":4,"average_cost":96.5},
				   {"shop_id":2094,"vehicle_type":3,"average_cost":78.125},
				   {"shop_id":2100,"vehicle_type":5,"average_cost":149.0},
				   {"shop_id":2100,"vehicle_type":3,"average_cost":83.333333333333329},
				   {"shop_id":2100,"vehicle_type":2,"average_cost":114.28571428571429},
				   {"shop_id":2103,"vehicle_type":5,"average_cost":137.14285714285714},
				   {"shop_id":2104,"vehicle_type":5,"average_cost":126.0},
				   {"shop_id":2104,"vehicle_type":2,"average_cost":76.92307692307692},
				   {"shop_id":2104,"vehicle_type":2,"average_cost":133.33333333333334},
				   {"shop_id":2105,"vehicle_type":5,"average_cost":103.0},
				   {"shop_id":2105,"vehicle_type":3,"average_cost":83.333333333333329},
				   {"shop_id":2105,"vehicle_type":3,"average_cost":125.0},
				   {"shop_id":2106,"vehicle_type":5,"average_cost":130.2},
				   {"shop_id":2106,"vehicle_type":4,"average_cost":112.45454545454545},
				   {"shop_id":2106,"vehicle_type":3,"average_cost":86.956521739130437},
				   {"shop_id":2110,"vehicle_type":5,"average_cost":167.33333333333334},
				   {"shop_id":2110,"vehicle_type":3,"average_cost":125.0},
				   {"shop_id":2110,"vehicle_type":3,"average_cost":104.16666666666667},
				   {"shop_id":2112,"vehicle_type":5,"average_cost":130.42857142857142},
				   {"shop_id":2112,"vehicle_type":3,"average_cost":86.206896551724142},
				   {"shop_id":2112,"vehicle_type":3,"average_cost":104.16666666666667},
				   {"shop_id":2113,"vehicle_type":5,"average_cost":114.5},
				   {"shop_id":2113,"vehicle_type":3,"average_cost":88.235294117647058},
				   {"shop_id":2116,"vehicle_type":5,"average_cost":114.5},
				   {"shop_id":2116,"vehicle_type":4,"average_cost":94.142857142857139},
				   {"shop_id":2116,"vehicle_type":3,"average_cost":64.1025641025641},
				   {"shop_id":2123,"vehicle_type":5,"average_cost":149.0},
				   {"shop_id":2123,"vehicle_type":4,"average_cost":122.0},
				   {"shop_id":2123,"vehicle_type":3,"average_cost":78.125},
				   {"shop_id":2127,"vehicle_type":5,"average_cost":149.0},
				   {"shop_id":2127,"vehicle_type":4,"average_cost":97.25},
				   {"shop_id":2127,"vehicle_type":3,"average_cost":62.5},
				   {"shop_id":2128,"vehicle_type":5,"average_cost":126.0},
				   {"shop_id":2128,"vehicle_type":4,"average_cost":97.25},
				   {"shop_id":2128,"vehicle_type":3,"average_cost":96.15384615384616},
				   {"shop_id":2134,"vehicle_type":5,"average_cost":149.0},
				   {"shop_id":2134,"vehicle_type":4,"average_cost":97.25},
				   {"shop_id":2134,"vehicle_type":3,"average_cost":75.0},
				   {"shop_id":2135,"vehicle_type":5,"average_cost":160.0},
				   {"shop_id":2135,"vehicle_type":3,"average_cost":88.709677419354833},
				   {"shop_id":2135,"vehicle_type":3,"average_cost":113.63636363636364},
				   {"shop_id":2145,"vehicle_type":5,"average_cost":126.0},
				   {"shop_id":2145,"vehicle_type":2,"average_cost":88.888888888888886},
				   {"shop_id":2152,"vehicle_type":5,"average_cost":129.28571428571428},
				   {"shop_id":2152,"vehicle_type":2,"average_cost":68.571428571428569},
				   {"shop_id":2154,"vehicle_type":5,"average_cost":114.5},
				   {"shop_id":2154,"vehicle_type":4,"average_cost":96.8},
				   {"shop_id":2154,"vehicle_type":3,"average_cost":78.125},
				   {"shop_id":2156,"vehicle_type":5,"average_cost":156.125},
				   {"shop_id":2156,"vehicle_type":3,"average_cost":109.375},
				   {"shop_id":2156,"vehicle_type":3,"average_cost":166.66666666666666},
				   {"shop_id":2161,"vehicle_type":5,"average_cost":149.0},
				   {"shop_id":2161,"vehicle_type":4,"average_cost":104.75},
				   {"shop_id":2161,"vehicle_type":3,"average_cost":78.125},
				   {"shop_id":2166,"vehicle_type":5,"average_cost":114.5},
				   {"shop_id":2166,"vehicle_type":4,"average_cost":100.33333333333333},
				   {"shop_id":2166,"vehicle_type":3,"average_cost":142.85714285714286},
				   {"shop_id":2167,"vehicle_type":5,"average_cost":121.4},
				   {"shop_id":2167,"vehicle_type":4,"average_cost":103.0},
				   {"shop_id":2167,"vehicle_type":3,"average_cost":88.235294117647058},
				   {"shop_id":2169,"vehicle_type":5,"average_cost":120.0},
				   {"shop_id":2169,"vehicle_type":2,"average_cost":114.28571428571429},
				   {"shop_id":2169,"vehicle_type":2,"average_cost":133.33333333333334},
				   {"shop_id":2170,"vehicle_type":5,"average_cost":149.0},
				   {"shop_id":2170,"vehicle_type":3,"average_cost":88.235294117647058},
				   {"shop_id":2173,"vehicle_type":5,"average_cost":119.42857142857143},
				   {"shop_id":2173,"vehicle_type":3,"average_cost":100.0},
				   {"shop_id":2184,"vehicle_type":5,"average_cost":126.0},
				   {"shop_id":2184,"vehicle_type":2,"average_cost":88.888888888888886},
				   {"shop_id":2184,"vehicle_type":2,"average_cost":125.0},
				   {"shop_id":2185,"vehicle_type":5,"average_cost":149.0},
				   {"shop_id":2185,"vehicle_type":4,"average_cost":91.0},
				   {"shop_id":2185,"vehicle_type":3,"average_cost":52.083333333333336},
				   {"shop_id":2197,"vehicle_type":5,"average_cost":123.125},
				   {"shop_id":2197,"vehicle_type":3,"average_cost":66.666666666666671},
				   {"shop_id":2199,"vehicle_type":5,"average_cost":140.66666666666666},
				   {"shop_id":2199,"vehicle_type":4,"average_cost":101.5},
				   {"shop_id":2199,"vehicle_type":3,"average_cost":83.333333333333329},
				   {"shop_id":2212,"vehicle_type":5,"average_cost":120.0},
				   {"shop_id":2212,"vehicle_type":4,"average_cost":106.5},
				   {"shop_id":2212,"vehicle_type":3,"average_cost":100.0},
				   {"shop_id":2219,"vehicle_type":5,"average_cost":142.5},
				   {"shop_id":2219,"vehicle_type":4,"average_cost":159.5},
				   {"shop_id":2221,"vehicle_type":5,"average_cost":126.0},
				   {"shop_id":2221,"vehicle_type":4,"average_cost":96.8},
				   {"shop_id":2221,"vehicle_type":3,"average_cost":88.709677419354833},
				   {"shop_id":2226,"vehicle_type":5,"average_cost":149.0},
				   {"shop_id":2226,"vehicle_type":2,"average_cost":88.888888888888886},
				   {"shop_id":2270,"vehicle_type":5,"average_cost":114.5},
				   {"shop_id":2270,"vehicle_type":3,"average_cost":62.5},
				   {"shop_id":2281,"vehicle_type":5,"average_cost":149.0},
				   {"shop_id":2281,"vehicle_type":4,"average_cost":99.8},
				   {"shop_id":2281,"vehicle_type":3,"average_cost":142.85714285714286},
				   {"shop_id":2286,"vehicle_type":4,"average_cost":95.272727272727266},
				   {"shop_id":2286,"vehicle_type":3,"average_cost":83.333333333333329},
				   {"shop_id":2289,"vehicle_type":5,"average_cost":163.1764705882353},
				   {"shop_id":2289,"vehicle_type":4,"average_cost":152.0},
				   {"shop_id":2294,"vehicle_type":5,"average_cost":115.875},
				   {"shop_id":2294,"vehicle_type":4,"average_cost":94.142857142857139},
				   {"shop_id":2294,"vehicle_type":3,"average_cost":88.235294117647058},
				   {"shop_id":2295,"vehicle_type":5,"average_cost":126.0},
				   {"shop_id":2295,"vehicle_type":4,"average_cost":129.5},
				   {"shop_id":2295,"vehicle_type":3,"average_cost":83.333333333333329},
				   {"shop_id":2295,"vehicle_type":3,"average_cost":89.285714285714292},
				   {"shop_id":2305,"vehicle_type":5,"average_cost":120.0},
				   {"shop_id":2305,"vehicle_type":4,"average_cost":104.75},
				   {"shop_id":2305,"vehicle_type":3,"average_cost":90.9090909090909},
				   {"shop_id":2305,"vehicle_type":3,"average_cost":100.0},
				   {"shop_id":2309,"vehicle_type":5,"average_cost":126.0},
				   {"shop_id":2309,"vehicle_type":4,"average_cost":106.14285714285714},
				   {"shop_id":2309,"vehicle_type":3,"average_cost":67.073170731707322},
				   {"shop_id":2309,"vehicle_type":3,"average_cost":83.333333333333329},
				   {"shop_id":2311,"vehicle_type":5,"average_cost":115.41666666666667},
				   {"shop_id":2311,"vehicle_type":4,"average_cost":106.14285714285714},
				   {"shop_id":2311,"vehicle_type":3,"average_cost":71.428571428571431},
				   {"shop_id":2321,"vehicle_type":5,"average_cost":122.75},
				   {"shop_id":2321,"vehicle_type":3,"average_cost":89.285714285714292},
				   {"shop_id":2327,"vehicle_type":5,"average_cost":151.66666666666666},
				   {"shop_id":2327,"vehicle_type":3,"average_cost":125.0},
				   {"shop_id":2327,"vehicle_type":3,"average_cost":111.11111111111111},
				   {"shop_id":2327,"vehicle_type":3,"average_cost":166.66666666666666},
				   {"shop_id":2327,"vehicle_type":3,"average_cost":500.0},
				   {"shop_id":2329,"vehicle_type":5,"average_cost":121.4},
				   {"shop_id":2329,"vehicle_type":4,"average_cost":96.5},
				   {"shop_id":2333,"vehicle_type":5,"average_cost":169.0},
				   {"shop_id":2333,"vehicle_type":3,"average_cost":125.0},
				   {"shop_id":2333,"vehicle_type":3,"average_cost":200.0},
				   {"shop_id":2338,"vehicle_type":5,"average_cost":129.28571428571428},
				   {"shop_id":2338,"vehicle_type":4,"average_cost":97.25},
				   {"shop_id":2339,"vehicle_type":5,"average_cost":143.61538461538461},
				   {"shop_id":2339,"vehicle_type":3,"average_cost":92.10526315789474},
				   {"shop_id":2347,"vehicle_type":5,"average_cost":114.5},
				   {"shop_id":2347,"vehicle_type":3,"average_cost":93.75},
				   {"shop_id":2364,"vehicle_type":5,"average_cost":127.53846153846153},
				   {"shop_id":2373,"vehicle_type":5,"average_cost":124.5},
				   {"shop_id":2373,"vehicle_type":4,"average_cost":98.428571428571431},
				   {"shop_id":2373,"vehicle_type":2,"average_cost":80.0},
				   {"shop_id":2374,"vehicle_type":5,"average_cost":114.5},
				   {"shop_id":2374,"vehicle_type":3,"average_cost":93.75},
				   {"shop_id":2376,"vehicle_type":5,"average_cost":123.6},
				   {"shop_id":2376,"vehicle_type":4,"average_cost":99.8},
				   {"shop_id":2376,"vehicle_type":3,"average_cost":59.523809523809526},
				   {"shop_id":2377,"vehicle_type":5,"average_cost":120.0},
				   {"shop_id":2377,"vehicle_type":3,"average_cost":88.235294117647058},
				   {"shop_id":2377,"vehicle_type":3,"average_cost":100.0},
				   {"shop_id":2394,"vehicle_type":5,"average_cost":149.0},
				   {"shop_id":2394,"vehicle_type":4,"average_cost":144.5},
				   {"shop_id":2394,"vehicle_type":3,"average_cost":67.073170731707322},
				   {"shop_id":2394,"vehicle_type":3,"average_cost":104.16666666666667},
				   {"shop_id":2394,"vehicle_type":2,"average_cost":160.0},
				   {"shop_id":2396,"vehicle_type":5,"average_cost":139.625},
				   {"shop_id":2396,"vehicle_type":3,"average_cost":125.0},
				   {"shop_id":2408,"vehicle_type":5,"average_cost":149.0},
				   {"shop_id":2408,"vehicle_type":3,"average_cost":55.0},
				   {"shop_id":2408,"vehicle_type":3,"average_cost":83.333333333333329},
				   {"shop_id":2413,"vehicle_type":5,"average_cost":158.25},
				   {"shop_id":2413,"vehicle_type":4,"average_cost":114.5},
				   {"shop_id":2413,"vehicle_type":3,"average_cost":90.9090909090909},
				   {"shop_id":2416,"vehicle_type":5,"average_cost":156.5},
				   {"shop_id":2416,"vehicle_type":3,"average_cost":96.15384615384616},
				   {"shop_id":2416,"vehicle_type":3,"average_cost":130.95238095238096},
				   {"shop_id":2419,"vehicle_type":5,"average_cost":121.4},
				   {"shop_id":2419,"vehicle_type":3,"average_cost":80.882352941176464},
				   {"shop_id":2428,"vehicle_type":3,"average_cost":83.333333333333329},
				   {"shop_id":2428,"vehicle_type":3,"average_cost":100.0},
				   {"shop_id":2429,"vehicle_type":5,"average_cost":114.5},
				   {"shop_id":2429,"vehicle_type":4,"average_cost":98.230769230769226},
				   {"shop_id":2439,"vehicle_type":3,"average_cost":90.0},
				   {"shop_id":2439,"vehicle_type":3,"average_cost":171.875},
				   {"shop_id":2449,"vehicle_type":5,"average_cost":129.28571428571428},
				   {"shop_id":2449,"vehicle_type":2,"average_cost":88.0},
				   {"shop_id":2451,"vehicle_type":5,"average_cost":103.0},
				   {"shop_id":2451,"vehicle_type":3,"average_cost":80.645161290322577},
				   {"shop_id":2454,"vehicle_type":5,"average_cost":149.0},
				   {"shop_id":2454,"vehicle_type":3,"average_cost":67.567567567567565},
				   {"shop_id":2454,"vehicle_type":3,"average_cost":100.0},
				   {"shop_id":2454,"vehicle_type":3,"average_cost":100.0},
				   {"shop_id":2462,"vehicle_type":5,"average_cost":144.33333333333334},
				   {"shop_id":2496,"vehicle_type":5,"average_cost":149.0},
				   {"shop_id":2496,"vehicle_type":2,"average_cost":76.92307692307692},
				   {"shop_id":2518,"vehicle_type":5,"average_cost":151.2},
				   {"shop_id":2518,"vehicle_type":4,"average_cost":113.3},
				   {"shop_id":2518,"vehicle_type":2,"average_cost":125.0},
				   {"shop_id":2528,"vehicle_type":5,"average_cost":131.75},
				   {"shop_id":2528,"vehicle_type":4,"average_cost":93.8},
				   {"shop_id":2534,"vehicle_type":5,"average_cost":149.0},
				   {"shop_id":2534,"vehicle_type":4,"average_cost":102.25},
				   {"shop_id":2534,"vehicle_type":2,"average_cost":85.714285714285708},
				   {"shop_id":2534,"vehicle_type":2,"average_cost":88.888888888888886},
				   {"shop_id":2539,"vehicle_type":5,"average_cost":126.0},
				   {"shop_id":2539,"vehicle_type":3,"average_cost":75.0},
				   {"shop_id":2544,"vehicle_type":5,"average_cost":103.0},
				   {"shop_id":2544,"vehicle_type":3,"average_cost":83.333333333333329},
				   {"shop_id":2546,"vehicle_type":5,"average_cost":149.0},
				   {"shop_id":2546,"vehicle_type":3,"average_cost":96.15384615384616},
				   {"shop_id":2547,"vehicle_type":5,"average_cost":117.25},
				   {"shop_id":2547,"vehicle_type":4,"average_cost":114.5},
				   {"shop_id":2547,"vehicle_type":3,"average_cost":78.571428571428569},
				   {"shop_id":2554,"vehicle_type":5,"average_cost":121.4},
				   {"shop_id":2554,"vehicle_type":4,"average_cost":93.8},
				   {"shop_id":2554,"vehicle_type":2,"average_cost":84.21052631578948},
				   {"shop_id":2560,"vehicle_type":5,"average_cost":126.0},
				   {"shop_id":2560,"vehicle_type":2,"average_cost":145.45454545454547},
				   {"shop_id":2564,"vehicle_type":5,"average_cost":121.4},
				   {"shop_id":2564,"vehicle_type":3,"average_cost":71.428571428571431},
				   {"shop_id":2565,"vehicle_type":5,"average_cost":137.5},
				   {"shop_id":2565,"vehicle_type":2,"average_cost":84.615384615384613},
				   {"shop_id":2568,"vehicle_type":5,"average_cost":127.25},
				   {"shop_id":2568,"vehicle_type":3,"average_cost":90.9090909090909},
				   {"shop_id":2570,"vehicle_type":5,"average_cost":149.0},
				   {"shop_id":2570,"vehicle_type":3,"average_cost":90.0},
				   {"shop_id":2583,"vehicle_type":5,"average_cost":148.0},
				   {"shop_id":2583,"vehicle_type":4,"average_cost":112.25},
				   {"shop_id":2583,"vehicle_type":3,"average_cost":83.333333333333329},
				   {"shop_id":2583,"vehicle_type":3,"average_cost":95.238095238095241},
				   {"shop_id":2586,"vehicle_type":5,"average_cost":115.41666666666667},
				   {"shop_id":2586,"vehicle_type":3,"average_cost":71.428571428571431},
				   {"shop_id":2600,"vehicle_type":5,"average_cost":124.33333333333333},
				   {"shop_id":2600,"vehicle_type":3,"average_cost":66.666666666666671},
				   {"shop_id":2602,"vehicle_type":5,"average_cost":139.18181818181819},
				   {"shop_id":2602,"vehicle_type":4,"average_cost":144.5},
				   {"shop_id":2607,"vehicle_type":4,"average_cost":102.0},
				   {"shop_id":2607,"vehicle_type":3,"average_cost":69.444444444444443},
				   {"shop_id":2617,"vehicle_type":5,"average_cost":160.71428571428572},
				   {"shop_id":2617,"vehicle_type":4,"average_cost":164.0},
				   {"shop_id":2617,"vehicle_type":3,"average_cost":159.09090909090909},
				   {"shop_id":2622,"vehicle_type":5,"average_cost":127.5625},
				   {"shop_id":2622,"vehicle_type":4,"average_cost":112.25},
				   {"shop_id":2622,"vehicle_type":3,"average_cost":115.38461538461539},
				   {"shop_id":2628,"vehicle_type":5,"average_cost":149.0},
				   {"shop_id":2628,"vehicle_type":3,"average_cost":81.081081081081081},
				   {"shop_id":2652,"vehicle_type":5,"average_cost":149.0},
				   {"shop_id":2652,"vehicle_type":3,"average_cost":88.709677419354833},
				   {"shop_id":2654,"vehicle_type":5,"average_cost":103.0},
				   {"shop_id":2654,"vehicle_type":3,"average_cost":71.428571428571431},
				   {"shop_id":2666,"vehicle_type":5,"average_cost":165.5},
				   {"shop_id":2666,"vehicle_type":3,"average_cost":110.0},
				   {"shop_id":2697,"vehicle_type":5,"average_cost":149.0},
				   {"shop_id":2697,"vehicle_type":4,"average_cost":89.857142857142861},
				   {"shop_id":2697,"vehicle_type":3,"average_cost":64.1025641025641},
				   {"shop_id":2699,"vehicle_type":5,"average_cost":133.33333333333334},
				   {"shop_id":2699,"vehicle_type":3,"average_cost":83.333333333333329},
				   {"shop_id":2718,"vehicle_type":5,"average_cost":120.0},
				   {"shop_id":2718,"vehicle_type":4,"average_cost":101.0},
				   {"shop_id":2718,"vehicle_type":2,"average_cost":73.333333333333329},
				   {"shop_id":2718,"vehicle_type":2,"average_cost":100.0},
				   {"shop_id":2721,"vehicle_type":5,"average_cost":123.66666666666667},
				   {"shop_id":2721,"vehicle_type":2,"average_cost":80.0},
				   {"shop_id":2735,"vehicle_type":5,"average_cost":149.0},
				   {"shop_id":2735,"vehicle_type":3,"average_cost":83.333333333333329},
				   {"shop_id":2764,"vehicle_type":5,"average_cost":163.2},
				   {"shop_id":2764,"vehicle_type":3,"average_cost":100.0},
				   {"shop_id":2764,"vehicle_type":3,"average_cost":166.66666666666666},
				   {"shop_id":2856,"vehicle_type":5,"average_cost":130.2},
				   {"shop_id":2856,"vehicle_type":4,"average_cost":123.5},
				   {"shop_id":2856,"vehicle_type":3,"average_cost":96.15384615384616},
				   {"shop_id":2856,"vehicle_type":3,"average_cost":100.0},
				   {"shop_id":2858,"vehicle_type":5,"average_cost":137.4},
				   {"shop_id":2858,"vehicle_type":3,"average_cost":83.333333333333329},
				   {"shop_id":2869,"vehicle_type":5,"average_cost":121.4},
				   {"shop_id":2869,"vehicle_type":3,"average_cost":96.15384615384616},
				   {"shop_id":2871,"vehicle_type":4,"average_cost":96.8},
				   {"shop_id":2871,"vehicle_type":3,"average_cost":68.75},
				   {"shop_id":2871,"vehicle_type":3,"average_cost":83.333333333333329},
				   {"shop_id":2871,"vehicle_type":3,"average_cost":90.9090909090909},
				   {"shop_id":2876,"vehicle_type":3,"average_cost":73.529411764705884},
				   {"shop_id":2876,"vehicle_type":3,"average_cost":83.333333333333329},
				   {"shop_id":2883,"vehicle_type":5,"average_cost":154.44444444444446},
				   {"shop_id":2883,"vehicle_type":4,"average_cost":144.5},
				   {"shop_id":2883,"vehicle_type":3,"average_cost":137.5},
				   {"shop_id":2883,"vehicle_type":3,"average_cost":125.0},
				   {"shop_id":2883,"vehicle_type":3,"average_cost":125.0},
				   {"shop_id":2883,"vehicle_type":3,"average_cost":1000.0},
				   {"shop_id":2892,"vehicle_type":5,"average_cost":187.5},
				   {"shop_id":2892,"vehicle_type":3,"average_cost":125.0},
				   {"shop_id":2892,"vehicle_type":3,"average_cost":136.36363636363637},
				   {"shop_id":2902,"vehicle_type":5,"average_cost":136.2},
				   {"shop_id":2902,"vehicle_type":3,"average_cost":117.64705882352941},
				   {"shop_id":2902,"vehicle_type":3,"average_cost":83.333333333333329},
				   {"shop_id":2902,"vehicle_type":3,"average_cost":208.33333333333334},
				   {"shop_id":2902,"vehicle_type":3,"average_cost":1000.0},
				   {"shop_id":2930,"vehicle_type":5,"average_cost":126.0},
				   {"shop_id":2930,"vehicle_type":4,"average_cost":97.25},
				   {"shop_id":2930,"vehicle_type":3,"average_cost":83.333333333333329},
				   {"shop_id":295,"vehicle_type":5,"average_cost":103.0},
				   {"shop_id":295,"vehicle_type":4,"average_cost":101.0},
				   {"shop_id":295,"vehicle_type":3,"average_cost":73.529411764705884},
				   {"shop_id":2955,"vehicle_type":5,"average_cost":159.6},
				   {"shop_id":2955,"vehicle_type":4,"average_cost":269.0},
				   {"shop_id":2955,"vehicle_type":2,"average_cost":175.0},
				   {"shop_id":2955,"vehicle_type":2,"average_cost":166.66666666666666},
				   {"shop_id":2970,"vehicle_type":5,"average_cost":139.4375},
				   {"shop_id":2981,"vehicle_type":5,"average_cost":148.25},
				   {"shop_id":2981,"vehicle_type":3,"average_cost":78.571428571428569},
				   {"shop_id":2985,"vehicle_type":5,"average_cost":137.5},
				   {"shop_id":2985,"vehicle_type":4,"average_cost":96.8},
				   {"shop_id":2985,"vehicle_type":3,"average_cost":125.0},
				   {"shop_id":2987,"vehicle_type":5,"average_cost":132.05882352941177},
				   {"shop_id":2987,"vehicle_type":4,"average_cost":168.5},
				   {"shop_id":2987,"vehicle_type":2,"average_cost":133.33333333333334},
				   {"shop_id":2992,"vehicle_type":3,"average_cost":65.78947368421052},
				   {"shop_id":2992,"vehicle_type":3,"average_cost":142.85714285714286},
				   {"shop_id":2993,"vehicle_type":5,"average_cost":151.0},
				   {"shop_id":2999,"vehicle_type":5,"average_cost":119.5},
				   {"shop_id":2999,"vehicle_type":4,"average_cost":108.8},
				   {"shop_id":2999,"vehicle_type":3,"average_cost":83.333333333333329},
				   {"shop_id":2999,"vehicle_type":3,"average_cost":166.66666666666666},
				   {"shop_id":3004,"vehicle_type":5,"average_cost":114.5},
				   {"shop_id":3004,"vehicle_type":3,"average_cost":86.956521739130437},
				   {"shop_id":3021,"vehicle_type":5,"average_cost":149.0},
				   {"shop_id":3021,"vehicle_type":4,"average_cost":95.333333333333329},
				   {"shop_id":3021,"vehicle_type":2,"average_cost":71.428571428571431},
				   {"shop_id":3028,"vehicle_type":5,"average_cost":128.625},
				   {"shop_id":3028,"vehicle_type":4,"average_cost":118.0},
				   {"shop_id":3028,"vehicle_type":3,"average_cost":69.444444444444443},
				   {"shop_id":3032,"vehicle_type":5,"average_cost":119.73333333333333},
				   {"shop_id":3032,"vehicle_type":4,"average_cost":144.5},
				   {"shop_id":3059,"vehicle_type":5,"average_cost":149.0},
				   {"shop_id":3059,"vehicle_type":3,"average_cost":88.709677419354833},
				   {"shop_id":3063,"vehicle_type":5,"average_cost":184.2},
				   {"shop_id":3063,"vehicle_type":3,"average_cost":159.09090909090909},
				   {"shop_id":3105,"vehicle_type":5,"average_cost":160.0},
				   {"shop_id":3105,"vehicle_type":3,"average_cost":138.88888888888889},
				   {"shop_id":3164,"vehicle_type":5,"average_cost":127.25},
				   {"shop_id":3164,"vehicle_type":3,"average_cost":78.571428571428569},
				   {"shop_id":3165,"vehicle_type":5,"average_cost":136.5},
				   {"shop_id":3165,"vehicle_type":3,"average_cost":92.10526315789474},
				   {"shop_id":3165,"vehicle_type":3,"average_cost":138.88888888888889},
				   {"shop_id":3172,"vehicle_type":5,"average_cost":114.5},
				   {"shop_id":3172,"vehicle_type":3,"average_cost":86.538461538461533},
				   {"shop_id":3183,"vehicle_type":5,"average_cost":121.0},
				   {"shop_id":3183,"vehicle_type":4,"average_cost":108.5},
				   {"shop_id":3186,"vehicle_type":5,"average_cost":131.5},
				   {"shop_id":3186,"vehicle_type":3,"average_cost":67.567567567567565},
				   {"shop_id":3189,"vehicle_type":3,"average_cost":89.285714285714292},
				   {"shop_id":3266,"vehicle_type":5,"average_cost":115.875},
				   {"shop_id":3266,"vehicle_type":4,"average_cost":104.0},
				   {"shop_id":3266,"vehicle_type":2,"average_cost":140.0},
				   {"shop_id":3268,"vehicle_type":5,"average_cost":114.36363636363636},
				   {"shop_id":3268,"vehicle_type":3,"average_cost":93.75},
				   {"shop_id":3277,"vehicle_type":5,"average_cost":129.28571428571428},
				   {"shop_id":3277,"vehicle_type":4,"average_cost":94.142857142857139},
				   {"shop_id":3277,"vehicle_type":3,"average_cost":57.291666666666664},
				   {"shop_id":3286,"vehicle_type":5,"average_cost":149.0},
				   {"shop_id":3286,"vehicle_type":4,"average_cost":94.142857142857139},
				   {"shop_id":3286,"vehicle_type":3,"average_cost":100.0},
				   {"shop_id":3287,"vehicle_type":5,"average_cost":123.91666666666667},
				   {"shop_id":3299,"vehicle_type":5,"average_cost":103.0},
				   {"shop_id":3299,"vehicle_type":3,"average_cost":65.78947368421052},
				   {"shop_id":3301,"vehicle_type":5,"average_cost":149.0},
				   {"shop_id":3301,"vehicle_type":4,"average_cost":97.25},
				   {"shop_id":3301,"vehicle_type":2,"average_cost":83.333333333333329},
				   {"shop_id":3307,"vehicle_type":5,"average_cost":103.0},
				   {"shop_id":3307,"vehicle_type":4,"average_cost":97.25},
				   {"shop_id":3307,"vehicle_type":3,"average_cost":66.17647058823529},
				   {"shop_id":3309,"vehicle_type":3,"average_cost":76.92307692307692},
				   {"shop_id":3309,"vehicle_type":3,"average_cost":83.333333333333329},
				   {"shop_id":3324,"vehicle_type":5,"average_cost":123.0},
				   {"shop_id":3324,"vehicle_type":3,"average_cost":147.05882352941177},
				   {"shop_id":3328,"vehicle_type":5,"average_cost":143.4},
				   {"shop_id":3328,"vehicle_type":3,"average_cost":83.333333333333329},
				   {"shop_id":3328,"vehicle_type":3,"average_cost":133.33333333333334},
				   {"shop_id":3334,"vehicle_type":5,"average_cost":123.625},
				   {"shop_id":3335,"vehicle_type":5,"average_cost":123.6},
				   {"shop_id":3335,"vehicle_type":4,"average_cost":102.875},
				   {"shop_id":3335,"vehicle_type":3,"average_cost":78.125},
				   {"shop_id":3337,"vehicle_type":5,"average_cost":121.4},
				   {"shop_id":3337,"vehicle_type":4,"average_cost":95.333333333333329},
				   {"shop_id":3346,"vehicle_type":5,"average_cost":114.5},
				   {"shop_id":3346,"vehicle_type":4,"average_cost":96.8},
				   {"shop_id":3346,"vehicle_type":2,"average_cost":100.0},
				   {"shop_id":3351,"vehicle_type":5,"average_cost":114.5},
				   {"shop_id":3351,"vehicle_type":3,"average_cost":88.235294117647058},
				   {"shop_id":3356,"vehicle_type":4,"average_cost":96.63636363636364},
				   {"shop_id":3356,"vehicle_type":3,"average_cost":64.1025641025641},
				   {"shop_id":3358,"vehicle_type":5,"average_cost":126.0},
				   {"shop_id":3358,"vehicle_type":4,"average_cost":99.8},
				   {"shop_id":3358,"vehicle_type":3,"average_cost":83.333333333333329},
				   {"shop_id":3369,"vehicle_type":5,"average_cost":136.5},
				   {"shop_id":3369,"vehicle_type":3,"average_cost":90.9090909090909},
				   {"shop_id":3376,"vehicle_type":5,"average_cost":130.55555555555554},
				   {"shop_id":3376,"vehicle_type":4,"average_cost":123.0},
				   {"shop_id":3376,"vehicle_type":3,"average_cost":113.63636363636364},
				   {"shop_id":3378,"vehicle_type":5,"average_cost":114.5},
				   {"shop_id":3378,"vehicle_type":3,"average_cost":138.88888888888889},
				   {"shop_id":3380,"vehicle_type":5,"average_cost":119.55555555555556},
				   {"shop_id":3380,"vehicle_type":4,"average_cost":103.0},
				   {"shop_id":3383,"vehicle_type":5,"average_cost":141.42857142857142},
				   {"shop_id":3383,"vehicle_type":4,"average_cost":137.0},
				   {"shop_id":3383,"vehicle_type":3,"average_cost":156.25},
				   {"shop_id":3384,"vehicle_type":5,"average_cost":124.4},
				   {"shop_id":3407,"vehicle_type":3,"average_cost":86.206896551724142},
				   {"shop_id":3418,"vehicle_type":3,"average_cost":89.285714285714292},
				   {"shop_id":3418,"vehicle_type":3,"average_cost":83.333333333333329},
				   {"shop_id":3419,"vehicle_type":5,"average_cost":114.5},
				   {"shop_id":3419,"vehicle_type":4,"average_cost":93.8},
				   {"shop_id":3419,"vehicle_type":2,"average_cost":76.92307692307692},
				   {"shop_id":3419,"vehicle_type":3,"average_cost":156.25},
				   {"shop_id":3422,"vehicle_type":5,"average_cost":121.4},
				   {"shop_id":3422,"vehicle_type":3,"average_cost":83.333333333333329},
				   {"shop_id":3439,"vehicle_type":5,"average_cost":149.0},
				   {"shop_id":3439,"vehicle_type":3,"average_cost":87.5},
				   {"shop_id":3462,"vehicle_type":5,"average_cost":115.875},
				   {"shop_id":3462,"vehicle_type":3,"average_cost":134.61538461538461},
				   {"shop_id":3481,"vehicle_type":5,"average_cost":149.0},
				   {"shop_id":3481,"vehicle_type":4,"average_cost":101.0},
				   {"shop_id":3481,"vehicle_type":3,"average_cost":70.512820512820511},
				   {"shop_id":3487,"vehicle_type":5,"average_cost":161.25},
				   {"shop_id":3487,"vehicle_type":3,"average_cost":115.38461538461539},
				   {"shop_id":3487,"vehicle_type":3,"average_cost":125.0},
				   {"shop_id":3487,"vehicle_type":3,"average_cost":166.66666666666666},
				   {"shop_id":3494,"vehicle_type":5,"average_cost":129.28571428571428},
				   {"shop_id":3494,"vehicle_type":4,"average_cost":99.125},
				   {"shop_id":350,"vehicle_type":5,"average_cost":126.0},
				   {"shop_id":350,"vehicle_type":4,"average_cost":97.25},
				   {"shop_id":350,"vehicle_type":3,"average_cost":79.545454545454547},
				   {"shop_id":3513,"vehicle_type":5,"average_cost":116.07142857142857},
				   {"shop_id":3513,"vehicle_type":4,"average_cost":108.5},
				   {"shop_id":3533,"vehicle_type":5,"average_cost":118.33333333333333},
				   {"shop_id":3533,"vehicle_type":4,"average_cost":97.25},
				   {"shop_id":3548,"vehicle_type":5,"average_cost":114.5},
				   {"shop_id":3548,"vehicle_type":2,"average_cost":72.727272727272734},
				   {"shop_id":3560,"vehicle_type":3,"average_cost":76.92307692307692},
				   {"shop_id":3560,"vehicle_type":2,"average_cost":125.0},
				   {"shop_id":3579,"vehicle_type":5,"average_cost":121.4},
				   {"shop_id":3579,"vehicle_type":4,"average_cost":94.0},
				   {"shop_id":3579,"vehicle_type":2,"average_cost":133.33333333333334},
				   {"shop_id":3612,"vehicle_type":5,"average_cost":131.75},
				   {"shop_id":3612,"vehicle_type":4,"average_cost":97.25},
				   {"shop_id":3612,"vehicle_type":3,"average_cost":59.782608695652172},
				   {"shop_id":3622,"vehicle_type":5,"average_cost":114.5},
				   {"shop_id":3622,"vehicle_type":3,"average_cost":73.529411764705884},
				   {"shop_id":3634,"vehicle_type":5,"average_cost":117.25},
				   {"shop_id":3634,"vehicle_type":4,"average_cost":95.3},
				   {"shop_id":3634,"vehicle_type":2,"average_cost":80.0},
				   {"shop_id":3641,"vehicle_type":5,"average_cost":154.4},
				   {"shop_id":3641,"vehicle_type":3,"average_cost":97.826086956521735},
				   {"shop_id":3641,"vehicle_type":3,"average_cost":147.05882352941177},
				   {"shop_id":3653,"vehicle_type":5,"average_cost":126.0},
				   {"shop_id":3653,"vehicle_type":4,"average_cost":101.0},
				   {"shop_id":3657,"vehicle_type":5,"average_cost":149.0},
				   {"shop_id":3657,"vehicle_type":3,"average_cost":58.139534883720927},
				   {"shop_id":3657,"vehicle_type":3,"average_cost":89.285714285714292},
				   {"shop_id":3659,"vehicle_type":5,"average_cost":114.5},
				   {"shop_id":3659,"vehicle_type":3,"average_cost":89.285714285714292},
				   {"shop_id":3659,"vehicle_type":3,"average_cost":136.36363636363637},
				   {"shop_id":3664,"vehicle_type":5,"average_cost":147.8},
				   {"shop_id":3664,"vehicle_type":3,"average_cost":150.0},
				   {"shop_id":3664,"vehicle_type":3,"average_cost":1000.0},
				   {"shop_id":3684,"vehicle_type":5,"average_cost":121.4},
				   {"shop_id":3684,"vehicle_type":4,"average_cost":97.25},
				   {"shop_id":3719,"vehicle_type":5,"average_cost":126.0},
				   {"shop_id":3719,"vehicle_type":3,"average_cost":113.63636363636364},
				   {"shop_id":3721,"vehicle_type":5,"average_cost":163.66666666666666},
				   {"shop_id":3722,"vehicle_type":5,"average_cost":114.5},
				   {"shop_id":3722,"vehicle_type":3,"average_cost":74.074074074074076},
				   {"shop_id":3724,"vehicle_type":5,"average_cost":120.0},
				   {"shop_id":3724,"vehicle_type":4,"average_cost":116.0},
				   {"shop_id":3724,"vehicle_type":3,"average_cost":125.0},
				   {"shop_id":3739,"vehicle_type":5,"average_cost":114.5},
				   {"shop_id":3739,"vehicle_type":4,"average_cost":93.8},
				   {"shop_id":3739,"vehicle_type":3,"average_cost":75.0},
				   {"shop_id":3741,"vehicle_type":5,"average_cost":126.0},
				   {"shop_id":3741,"vehicle_type":2,"average_cost":80.0},
				   {"shop_id":3741,"vehicle_type":3,"average_cost":118.42105263157895},
				   {"shop_id":3775,"vehicle_type":5,"average_cost":126.0},
				   {"shop_id":3775,"vehicle_type":4,"average_cost":97.25},
				   {"shop_id":3785,"vehicle_type":5,"average_cost":114.5},
				   {"shop_id":3785,"vehicle_type":3,"average_cost":76.92307692307692},
				   {"shop_id":3798,"vehicle_type":3,"average_cost":62.5},
				   {"shop_id":3800,"vehicle_type":5,"average_cost":140.28571428571428},
				   {"shop_id":3800,"vehicle_type":4,"average_cost":108.5},
				   {"shop_id":3800,"vehicle_type":3,"average_cost":100.0},
				   {"shop_id":3801,"vehicle_type":5,"average_cost":149.0},
				   {"shop_id":3801,"vehicle_type":3,"average_cost":68.965517241379317},
				   {"shop_id":3827,"vehicle_type":5,"average_cost":131.0},
				   {"shop_id":3827,"vehicle_type":3,"average_cost":83.333333333333329},
				   {"shop_id":3843,"vehicle_type":5,"average_cost":126.0},
				   {"shop_id":3843,"vehicle_type":2,"average_cost":80.0},
				   {"shop_id":3856,"vehicle_type":5,"average_cost":114.5},
				   {"shop_id":3856,"vehicle_type":4,"average_cost":113.0},
				   {"shop_id":3856,"vehicle_type":3,"average_cost":90.9090909090909},
				   {"shop_id":3876,"vehicle_type":5,"average_cost":114.5},
				   {"shop_id":3876,"vehicle_type":3,"average_cost":90.9090909090909},
				   {"shop_id":3878,"vehicle_type":5,"average_cost":117.25},
				   {"shop_id":3878,"vehicle_type":3,"average_cost":79.545454545454547},
				   {"shop_id":3878,"vehicle_type":2,"average_cost":100.0},
				   {"shop_id":3880,"vehicle_type":5,"average_cost":149.0},
				   {"shop_id":3880,"vehicle_type":3,"average_cost":88.235294117647058},
				   {"shop_id":3880,"vehicle_type":2,"average_cost":133.33333333333334},
				   {"shop_id":3887,"vehicle_type":5,"average_cost":118.0},
				   {"shop_id":3903,"vehicle_type":5,"average_cost":149.0},
				   {"shop_id":3903,"vehicle_type":3,"average_cost":78.571428571428569},
				   {"shop_id":3905,"vehicle_type":5,"average_cost":124.5},
				   {"shop_id":3905,"vehicle_type":4,"average_cost":99.0},
				   {"shop_id":3905,"vehicle_type":3,"average_cost":76.086956521739125},
				   {"shop_id":3917,"vehicle_type":5,"average_cost":123.6},
				   {"shop_id":3917,"vehicle_type":2,"average_cost":86.956521739130437},
				   {"shop_id":3917,"vehicle_type":2,"average_cost":114.28571428571429},
				   {"shop_id":3934,"vehicle_type":5,"average_cost":149.0},
				   {"shop_id":3934,"vehicle_type":3,"average_cost":90.9090909090909},
				   {"shop_id":3934,"vehicle_type":3,"average_cost":76.92307692307692},
				   {"shop_id":3948,"vehicle_type":5,"average_cost":149.0},
				   {"shop_id":3948,"vehicle_type":3,"average_cost":83.333333333333329},
				   {"shop_id":3948,"vehicle_type":3,"average_cost":100.0},
				   {"shop_id":3957,"vehicle_type":5,"average_cost":136.71428571428572},
				   {"shop_id":3957,"vehicle_type":4,"average_cost":122.0},
				   {"shop_id":3957,"vehicle_type":3,"average_cost":95.238095238095241},
				   {"shop_id":3963,"vehicle_type":5,"average_cost":147.5},
				   {"shop_id":3963,"vehicle_type":3,"average_cost":118.42105263157895},
				   {"shop_id":3968,"vehicle_type":5,"average_cost":121.4},
				   {"shop_id":3968,"vehicle_type":4,"average_cost":103.0},
				   {"shop_id":3978,"vehicle_type":5,"average_cost":131.75},
				   {"shop_id":3978,"vehicle_type":4,"average_cost":93.8},
				   {"shop_id":3978,"vehicle_type":2,"average_cost":77.777777777777771},
				   {"shop_id":4011,"vehicle_type":5,"average_cost":121.4},
				   {"shop_id":4011,"vehicle_type":4,"average_cost":102.0},
				   {"shop_id":4011,"vehicle_type":3,"average_cost":62.5},
				   {"shop_id":4011,"vehicle_type":3,"average_cost":100.0},
				   {"shop_id":414,"vehicle_type":5,"average_cost":103.0},
				   {"shop_id":414,"vehicle_type":3,"average_cost":78.125},
				   {"shop_id":418,"vehicle_type":5,"average_cost":114.5},
				   {"shop_id":418,"vehicle_type":4,"average_cost":98.428571428571431},
				   {"shop_id":418,"vehicle_type":3,"average_cost":65.78947368421052},
				   {"shop_id":507,"vehicle_type":5,"average_cost":149.0},
				   {"shop_id":507,"vehicle_type":4,"average_cost":95.333333333333329},
				   {"shop_id":507,"vehicle_type":3,"average_cost":90.9090909090909},
				   {"shop_id":555,"vehicle_type":5,"average_cost":126.0},
				   {"shop_id":555,"vehicle_type":4,"average_cost":96.8},
				   {"shop_id":555,"vehicle_type":3,"average_cost":88.709677419354833},
				   {"shop_id":557,"vehicle_type":5,"average_cost":149.0},
				   {"shop_id":557,"vehicle_type":4,"average_cost":96.8},
				   {"shop_id":557,"vehicle_type":3,"average_cost":58.51063829787234},
				   {"shop_id":557,"vehicle_type":3,"average_cost":90.9090909090909},
				   {"shop_id":562,"vehicle_type":3,"average_cost":83.333333333333329},
				   {"shop_id":596,"vehicle_type":5,"average_cost":135.2},
				   {"shop_id":596,"vehicle_type":4,"average_cost":122.0},
				   {"shop_id":596,"vehicle_type":2,"average_cost":78.260869565217391},
				   {"shop_id":597,"vehicle_type":5,"average_cost":149.0},
				   {"shop_id":597,"vehicle_type":4,"average_cost":92.0},
				   {"shop_id":597,"vehicle_type":3,"average_cost":140.625},
				   {"shop_id":599,"vehicle_type":5,"average_cost":149.0},
				   {"shop_id":599,"vehicle_type":4,"average_cost":96.285714285714292},
				   {"shop_id":599,"vehicle_type":3,"average_cost":78.125},
				   {"shop_id":640,"vehicle_type":3,"average_cost":85.9375},
				   {"shop_id":650,"vehicle_type":5,"average_cost":131.75},
				   {"shop_id":650,"vehicle_type":4,"average_cost":101.0},
				   {"shop_id":650,"vehicle_type":3,"average_cost":78.125},
				   {"shop_id":681,"vehicle_type":5,"average_cost":114.5},
				   {"shop_id":681,"vehicle_type":4,"average_cost":98.428571428571431}
				   ,{"shop_id":681,"vehicle_type":3,"average_cost":78.125},
				   {"shop_id":685,"vehicle_type":5,"average_cost":114.5},
				   {"shop_id":685,"vehicle_type":4,"average_cost":98.666666666666671},
				   {"shop_id":685,"vehicle_type":3,"average_cost":78.571428571428569},
				   {"shop_id":698,"vehicle_type":5,"average_cost":114.5},
				   {"shop_id":698,"vehicle_type":3,"average_cost":83.333333333333329},
				   {"shop_id":741,"vehicle_type":5,"average_cost":116.33333333333333},
				   {"shop_id":741,"vehicle_type":4,"average_cost":110.6},
				   {"shop_id":741,"vehicle_type":3,"average_cost":76.92307692307692},
				   {"shop_id":765,"vehicle_type":3,"average_cost":74.324324324324323},
				   {"shop_id":775,"vehicle_type":5,"average_cost":149.0},
				   {"shop_id":775,"vehicle_type":3,"average_cost":83.333333333333329},
				   {"shop_id":780,"vehicle_type":3,"average_cost":85.9375},
				   {"shop_id":796,"vehicle_type":5,"average_cost":149.0},
				   {"shop_id":796,"vehicle_type":4,"average_cost":93.8},
				   {"shop_id":796,"vehicle_type":3,"average_cost":64.1025641025641},
				   {"shop_id":810,"vehicle_type":5,"average_cost":110.33333333333333},
				   {"shop_id":810,"vehicle_type":4,"average_cost":108.0},
				   {"shop_id":810,"vehicle_type":3,"average_cost":86.206896551724142},
				   {"shop_id":811,"vehicle_type":5,"average_cost":149.0},
				   {"shop_id":811,"vehicle_type":3,"average_cost":60.975609756097562},
				   {"shop_id":821,"vehicle_type":5,"average_cost":149.0},
				   {"shop_id":821,"vehicle_type":4,"average_cost":97.25},
				   {"shop_id":821,"vehicle_type":3,"average_cost":87.5},
				   {"shop_id":832,"vehicle_type":5,"average_cost":114.5},
				   {"shop_id":832,"vehicle_type":3,"average_cost":88.709677419354833},
				   {"shop_id":835,"vehicle_type":5,"average_cost":114.5},
				   {"shop_id":835,"vehicle_type":3,"average_cost":87.5},
				   {"shop_id":840,"vehicle_type":5,"average_cost":146.66666666666666},
				   {"shop_id":840,"vehicle_type":3,"average_cost":113.63636363636364},
				   {"shop_id":840,"vehicle_type":3,"average_cost":125.0},
				   {"shop_id":845,"vehicle_type":4,"average_cost":96.8},
				   {"shop_id":845,"vehicle_type":3,"average_cost":59.210526315789473},
				   {"shop_id":856,"vehicle_type":5,"average_cost":115.875},
				   {"shop_id":856,"vehicle_type":3,"average_cost":90.0},
				   {"shop_id":857,"vehicle_type":4,"average_cost":99.0},
				   {"shop_id":857,"vehicle_type":3,"average_cost":132.35294117647058},
				   {"shop_id":859,"vehicle_type":5,"average_cost":126.0},
				   {"shop_id":859,"vehicle_type":3,"average_cost":92.10526315789474},
				   {"shop_id":860,"vehicle_type":4,"average_cost":97.0},
				   {"shop_id":860,"vehicle_type":3,"average_cost":67.567567567567565},
				   {"shop_id":870,"vehicle_type":5,"average_cost":131.75},
				   {"shop_id":870,"vehicle_type":2,"average_cost":88.888888888888886},
				   {"shop_id":872,"vehicle_type":5,"average_cost":149.0},
				   {"shop_id":872,"vehicle_type":3,"average_cost":71.428571428571431},
				   {"shop_id":872,"vehicle_type":2,"average_cost":123.07692307692308},
				   {"shop_id":875,"vehicle_type":5,"average_cost":120.53846153846153},
				   {"shop_id":875,"vehicle_type":4,"average_cost":113.0},
				   {"shop_id":875,"vehicle_type":3,"average_cost":65.78947368421052},
				   {"shop_id":880,"vehicle_type":5,"average_cost":120.25},
				   {"shop_id":880,"vehicle_type":4,"average_cost":101.0},
				   {"shop_id":883,"vehicle_type":5,"average_cost":114.5},
				   {"shop_id":883,"vehicle_type":3,"average_cost":59.782608695652172},
				   {"shop_id":890,"vehicle_type":5,"average_cost":109.57142857142857},
				   {"shop_id":890,"vehicle_type":2,"average_cost":75.0},
				   {"shop_id":891,"vehicle_type":5,"average_cost":119.42857142857143},
				   {"shop_id":891,"vehicle_type":2,"average_cost":80.0},
				   {"shop_id":891,"vehicle_type":2,"average_cost":114.28571428571429},
				   {"shop_id":897,"vehicle_type":3,"average_cost":45.454545454545453},
				   {"shop_id":897,"vehicle_type":3,"average_cost":69.444444444444443},
				   {"shop_id":902,"vehicle_type":5,"average_cost":149.0},
				   {"shop_id":902,"vehicle_type":4,"average_cost":97.25},
				   {"shop_id":902,"vehicle_type":3,"average_cost":113.63636363636364},
				   {"shop_id":905,"vehicle_type":5,"average_cost":149.0},
				   {"shop_id":905,"vehicle_type":4,"average_cost":96.8},
				   {"shop_id":905,"vehicle_type":3,"average_cost":88.235294117647058},
				   {"shop_id":914,"vehicle_type":5,"average_cost":149.0},
				   {"shop_id":914,"vehicle_type":3,"average_cost":83.333333333333329},
				   {"shop_id":920,"vehicle_type":5,"average_cost":123.22222222222223},
				   {"shop_id":920,"vehicle_type":4,"average_cost":137.0},
				   {"shop_id":920,"vehicle_type":3,"average_cost":87.5},
				   {"shop_id":920,"vehicle_type":3,"average_cost":138.88888888888889},
				   {"shop_id":930,"vehicle_type":5,"average_cost":149.0},
				   {"shop_id":930,"vehicle_type":4,"average_cost":103.45454545454545},
				   {"shop_id":930,"vehicle_type":3,"average_cost":83.333333333333329},
				   {"shop_id":933,"vehicle_type":5,"average_cost":124.5},
				   {"shop_id":933,"vehicle_type":4,"average_cost":99.8},
				   {"shop_id":933,"vehicle_type":2,"average_cost":88.0},
				   {"shop_id":938,"vehicle_type":5,"average_cost":114.5},
				   {"shop_id":973,"vehicle_type":5,"average_cost":149.0},
				   {"shop_id":973,"vehicle_type":3,"average_cost":78.125},
				   {"shop_id":976,"vehicle_type":4,"average_cost":92.0},
				   {"shop_id":976,"vehicle_type":3,"average_cost":67.567567567567565},
				   {"shop_id":983,"vehicle_type":4,"average_cost":104.75},
				   {"shop_id":983,"vehicle_type":3,"average_cost":90.0},
				   {"shop_id":984,"vehicle_type":5,"average_cost":129.66666666666666},
				   {"shop_id":984,"vehicle_type":4,"average_cost":96.125},
				   {"shop_id":984,"vehicle_type":3,"average_cost":65.78947368421052}
				]}